iteration,expanded_state,parent,action,generated_successors,frontier_before,frontier_after,explored,g,h,f
0,"((5, 1), (False, False, False, False))",None,None,"[(((5, 2), (False, False, False, False)), 'North', 1)]",1,1,2,0,46,46
1,"((5, 2), (False, False, False, False))","((5, 1), (False, False, False, False))",'North',"[(((5, 1), (False, False, False, False)), 'South', 1), (((6, 2), (False, False, False, False)), 'East', 1)]",1,1,3,1,45,46
2,"((6, 2), (False, False, False, False))","((5, 2), (False, False, False, False))",'East',"[(((7, 2), (False, False, False, False)), 'East', 1), (((5, 2), (False, False, False, False)), 'West', 1)]",1,1,4,2,44,46
3,"((7, 2), (False, False, False, False))","((6, 2), (False, False, False, False))",'East',"[(((8, 2), (False, False, False, False)), 'East', 1), (((6, 2), (False, False, False, False)), 'West', 1)]",1,1,5,3,43,46
4,"((8, 2), (False, False, False, False))","((7, 2), (False, False, False, False))",'East',"[(((9, 2), (False, False, False, False)), 'East', 1), (((7, 2), (False, False, False, False)), 'West', 1)]",1,1,6,4,42,46
5,"((9, 2), (False, False, False, False))","((8, 2), (False, False, False, False))",'East',"[(((9, 3), (False, False, False, False)), 'North', 1), (((8, 2), (False, False, False, False)), 'West', 1)]",1,1,7,5,41,46
6,"((9, 3), (False, False, False, False))","((9, 2), (False, False, False, False))",'North',"[(((9, 4), (False, False, False, False)), 'North', 1), (((9, 2), (False, False, False, False)), 'South', 1)]",1,1,8,6,40,46
7,"((9, 4), (False, False, False, False))","((9, 3), (False, False, False, False))",'North',"[(((9, 3), (False, False, False, False)), 'South', 1), (((10, 4), (False, False, False, False)), 'East', 1), (((8, 4), (False, False, False, False)), 'West', 1)]",1,2,10,7,39,46
8,"((10, 4), (False, False, False, False))","((9, 4), (False, False, False, False))",'East',"[(((11, 4), (False, False, False, False)), 'East', 1), (((9, 4), (False, False, False, False)), 'West', 1)]",2,2,11,8,38,46
9,"((11, 4), (False, False, False, False))","((10, 4), (False, False, False, False))",'East',"[(((11, 3), (False, False, False, False)), 'South', 1), (((12, 4), (False, False, False, False)), 'East', 1), (((10, 4), (False, False, False, False)), 'West', 1)]",2,3,13,9,37,46
10,"((12, 4), (False, False, False, False))","((11, 4), (False, False, False, False))",'East',"[(((13, 4), (False, False, False, False)), 'East', 1), (((11, 4), (False, False, False, False)), 'West', 1)]",3,3,14,10,37,47
11,"((8, 4), (False, False, False, False))","((9, 4), (False, False, False, False))",'West',"[(((9, 4), (False, False, False, False)), 'East', 1), (((7, 4), (False, False, False, False)), 'West', 1)]",3,3,15,8,40,48
12,"((11, 3), (False, False, False, False))","((11, 4), (False, False, False, False))",'South',"[(((11, 4), (False, False, False, False)), 'North', 1), (((11, 2), (False, False, False, False)), 'South', 1)]",3,3,16,10,38,48
13,"((13, 4), (False, False, False, False))","((12, 4), (False, False, False, False))",'East',"[(((13, 5), (False, False, False, False)), 'North', 1), (((12, 4), (False, False, False, False)), 'West', 1)]",3,3,17,11,38,49
14,"((7, 4), (False, False, False, False))","((8, 4), (False, False, False, False))",'West',"[(((8, 4), (False, False, False, False)), 'East', 1), (((6, 4), (False, False, False, False)), 'West', 1)]",3,3,18,9,41,50
15,"((11, 2), (False, False, False, False))","((11, 3), (False, False, False, False))",'South',"[(((11, 3), (False, False, False, False)), 'North', 1), (((11, 1), (False, False, False, False)), 'South', 1), (((12, 2), (False, False, False, False)), 'East', 1)]",3,4,20,11,39,50
16,"((12, 2), (False, False, False, False))","((11, 2), (False, False, False, False))",'East',"[(((12, 1), (False, False, False, False)), 'South', 1), (((13, 2), (False, False, False, False)), 'East', 1), (((11, 2), (False, False, False, False)), 'West', 1)]",4,5,22,12,38,50
17,"((13, 2), (False, False, False, False))","((12, 2), (False, False, False, False))",'East',"[(((13, 1), (False, False, False, False)), 'South', 1), (((14, 2), (False, False, False, False)), 'East', 1), (((12, 2), (False, False, False, False)), 'West', 1)]",5,6,24,13,37,50
18,"((14, 2), (False, False, False, False))","((13, 2), (False, False, False, False))",'East',"[(((14, 1), (False, False, False, False)), 'South', 1), (((15, 2), (False, False, False, False)), 'East', 1), (((13, 2), (False, False, False, False)), 'West', 1)]",6,7,26,14,36,50
19,"((15, 2), (False, False, False, False))","((14, 2), (False, False, False, False))",'East',"[(((15, 1), (False, False, False, False)), 'South', 1), (((16, 2), (False, False, False, False)), 'East', 1), (((14, 2), (False, False, False, False)), 'West', 1)]",7,8,28,15,35,50
20,"((16, 2), (False, False, False, False))","((15, 2), (False, False, False, False))",'East',"[(((16, 3), (False, False, False, False)), 'North', 1), (((16, 1), (False, False, False, False)), 'South', 1), (((15, 2), (False, False, False, False)), 'West', 1)]",8,9,30,16,34,50
21,"((16, 3), (False, False, False, False))","((16, 2), (False, False, False, False))",'North',"[(((16, 4), (False, False, False, False)), 'North', 1), (((16, 2), (False, False, False, False)), 'South', 1)]",9,9,31,17,33,50
22,"((16, 4), (False, False, False, False))","((16, 3), (False, False, False, False))",'North',"[(((16, 3), (False, False, False, False)), 'South', 1), (((17, 4), (False, False, False, False)), 'East', 1)]",9,9,32,18,32,50
23,"((17, 4), (False, False, False, False))","((16, 4), (False, False, False, False))",'East',"[(((18, 4), (False, False, False, False)), 'East', 1), (((16, 4), (False, False, False, False)), 'West', 1)]",9,9,33,19,31,50
24,"((18, 4), (False, False, False, False))","((17, 4), (False, False, False, False))",'East',"[(((18, 5), (False, False, False, False)), 'North', 1), (((18, 3), (False, False, False, False)), 'South', 1), (((19, 4), (False, False, False, False)), 'East', 1), (((17, 4), (False, False, False, False)), 'West', 1)]",9,11,36,20,30,50
25,"((13, 5), (False, False, False, False))","((13, 4), (False, False, False, False))",'North',"[(((13, 6), (False, False, False, False)), 'North', 1), (((13, 4), (False, False, False, False)), 'South', 1)]",11,11,37,12,39,51
26,"((18, 5), (False, False, False, False))","((18, 4), (False, False, False, False))",'North',"[(((18, 6), (False, False, False, False)), 'North', 1), (((18, 4), (False, False, False, False)), 'South', 1)]",11,11,38,21,30,51
27,"((6, 4), (False, False, False, False))","((7, 4), (False, False, False, False))",'West',"[(((7, 4), (False, False, False, False)), 'East', 1), (((5, 4), (False, False, False, False)), 'West', 1)]",11,11,39,10,42,52
28,"((11, 1), (False, False, False, False))","((11, 2), (False, False, False, False))",'South',"[(((11, 2), (False, False, False, False)), 'North', 1), (((12, 1), (False, False, False, False)), 'East', 1)]",11,10,39,12,40,52
29,"((12, 1), (False, False, False, False))","((12, 2), (False, False, False, False))",'South',"[(((12, 2), (False, False, False, False)), 'North', 1), (((13, 1), (False, False, False, False)), 'East', 1), (((11, 1), (False, False, False, False)), 'West', 1)]",10,9,39,13,39,52
30,"((13, 1), (False, False, False, False))","((13, 2), (False, False, False, False))",'South',"[(((13, 2), (False, False, False, False)), 'North', 1), (((14, 1), (False, False, False, False)), 'East', 1), (((12, 1), (False, False, False, False)), 'West', 1)]",9,8,39,14,38,52
31,"((14, 1), (False, False, False, False))","((14, 2), (False, False, False, False))",'South',"[(((14, 2), (False, False, False, False)), 'North', 1), (((15, 1), (False, False, False, False)), 'East', 1), (((13, 1), (False, False, False, False)), 'West', 1)]",8,7,39,15,37,52
32,"((15, 1), (False, False, False, False))","((15, 2), (False, False, False, False))",'South',"[(((15, 2), (False, False, False, False)), 'North', 1), (((16, 1), (False, False, False, False)), 'East', 1), (((14, 1), (False, False, False, False)), 'West', 1)]",7,6,39,16,36,52
33,"((16, 1), (False, False, False, False))","((16, 2), (False, False, False, False))",'South',"[(((16, 2), (False, False, False, False)), 'North', 1), (((15, 1), (False, False, False, False)), 'West', 1)]",6,5,39,17,35,52
34,"((18, 3), (False, False, False, False))","((18, 4), (False, False, False, False))",'South',"[(((18, 4), (False, False, False, False)), 'North', 1), (((18, 2), (False, False, False, False)), 'South', 1)]",5,5,40,21,31,52
35,"((19, 4), (False, False, False, False))","((18, 4), (False, False, False, False))",'East',"[(((20, 4), (False, False, False, False)), 'East', 1), (((18, 4), (False, False, False, False)), 'West', 1)]",5,5,41,21,31,52
36,"((13, 6), (False, False, False, False))","((13, 5), (False, False, False, False))",'North',"[(((13, 5), (False, False, False, False)), 'South', 1), (((12, 6), (False, False, False, False)), 'West', 1)]",5,5,42,13,40,53
37,"((18, 6), (False, False, False, False))","((18, 5), (False, False, False, False))",'North',"[(((18, 5), (False, False, False, False)), 'South', 1), (((19, 6), (False, False, False, False)), 'East', 1), (((17, 6), (False, False, False, False)), 'West', 1)]",5,6,44,22,31,53
38,"((12, 6), (False, False, False, False))","((13, 6), (False, False, False, False))",'West',"[(((13, 6), (False, False, False, False)), 'East', 1), (((11, 6), (False, False, False, False)), 'West', 1)]",6,6,45,14,39,53
39,"((11, 6), (False, False, False, False))","((12, 6), (False, False, False, False))",'West',"[(((11, 7), (False, False, False, False)), 'North', 1), (((12, 6), (False, False, False, False)), 'East', 1), (((10, 6), (False, False, False, False)), 'West', 1)]",6,7,47,15,38,53
40,"((11, 7), (False, False, False, False))","((11, 6), (False, False, False, False))",'North',"[(((11, 8), (False, False, False, False)), 'North', 1), (((11, 6), (False, False, False, False)), 'South', 1)]",7,7,48,16,37,53
41,"((11, 8), (False, False, False, False))","((11, 7), (False, False, False, False))",'North',"[(((11, 9), (False, False, False, False)), 'North', 1), (((11, 7), (False, False, False, False)), 'South', 1), (((12, 8), (False, False, False, False)), 'East', 1)]",7,8,50,17,36,53
42,"((11, 9), (False, False, False, False))","((11, 8), (False, False, False, False))",'North',"[(((11, 10), (False, False, False, False)), 'North', 1), (((11, 8), (False, False, False, False)), 'South', 1)]",8,8,51,18,35,53
43,"((11, 10), (False, False, False, False))","((11, 9), (False, False, False, False))",'North',"[(((11, 11), (False, False, False, False)), 'North', 1), (((11, 9), (False, False, False, False)), 'South', 1), (((12, 10), (False, False, False, False)), 'East', 1), (((10, 10), (False, False, False, False)), 'West', 1)]",8,10,54,19,34,53
44,"((12, 10), (False, False, False, False))","((11, 10), (False, False, False, False))",'East',"[(((13, 10), (False, False, False, False)), 'East', 1), (((11, 10), (False, False, False, False)), 'West', 1)]",10,10,55,20,33,53
45,"((13, 10), (False, False, False, False))","((12, 10), (False, False, False, False))",'East',"[(((14, 10), (False, False, False, False)), 'East', 1), (((12, 10), (False, False, False, False)), 'West', 1)]",10,10,56,21,32,53
46,"((14, 10), (False, False, False, False))","((13, 10), (False, False, False, False))",'East',"[(((15, 10), (False, False, False, False)), 'East', 1), (((13, 10), (False, False, False, False)), 'West', 1)]",10,10,57,22,31,53
47,"((5, 4), (False, False, False, False))","((6, 4), (False, False, False, False))",'West',"[(((5, 5), (False, False, False, False)), 'North', 1), (((6, 4), (False, False, False, False)), 'East', 1), (((4, 4), (False, False, False, False)), 'West', 1)]",10,11,59,11,43,54
48,"((18, 2), (False, False, False, False))","((18, 3), (False, False, False, False))",'South',"[(((18, 3), (False, False, False, False)), 'North', 1), (((18, 1), (False, False, False, False)), 'South', 1)]",11,11,60,22,32,54
49,"((20, 4), (False, False, False, False))","((19, 4), (False, False, False, False))",'East',"[(((19, 4), (False, False, False, False)), 'West', 1)]",11,10,60,22,32,54
50,"((19, 6), (False, False, False, False))","((18, 6), (False, False, False, False))",'East',"[(((20, 6), (False, False, False, False)), 'East', 1), (((18, 6), (False, False, False, False)), 'West', 1)]",10,10,61,23,32,55
51,"((17, 6), (False, False, False, False))","((18, 6), (False, False, False, False))",'West',"[(((18, 6), (False, False, False, False)), 'East', 1), (((16, 6), (False, False, False, False)), 'West', 1)]",10,10,62,23,32,55
52,"((10, 6), (False, False, False, False))","((11, 6), (False, False, False, False))",'West',"[(((11, 6), (False, False, False, False)), 'East', 1), (((9, 6), (False, False, False, False)), 'West', 1)]",10,10,63,16,39,55
53,"((12, 8), (False, False, False, False))","((11, 8), (False, False, False, False))",'East',"[(((13, 8), (False, False, False, False)), 'East', 1), (((11, 8), (False, False, False, False)), 'West', 1)]",10,10,64,18,37,55
54,"((11, 11), (False, False, False, False))","((11, 10), (False, False, False, False))",'North',"[(((11, 12), (False, False, False, False)), 'North', 1), (((11, 10), (False, False, False, False)), 'South', 1)]",10,10,65,20,35,55
55,"((10, 10), (False, False, False, False))","((11, 10), (False, False, False, False))",'West',"[(((11, 10), (False, False, False, False)), 'East', 1), (((9, 10), (False, False, False, False)), 'West', 1)]",10,10,66,20,35,55
56,"((15, 10), (False, False, False, False))","((14, 10), (False, False, False, False))",'East',"[(((15, 9), (False, False, False, False)), 'South', 1), (((16, 10), (False, False, False, False)), 'East', 1), (((14, 10), (False, False, False, False)), 'West', 1)]",10,11,68,23,32,55
57,"((5, 5), (False, False, False, False))","((5, 4), (False, False, False, False))",'North',"[(((5, 6), (False, False, False, False)), 'North', 1), (((5, 4), (False, False, False, False)), 'South', 1)]",11,11,69,12,44,56
58,"((4, 4), (False, False, False, False))","((5, 4), (False, False, False, False))",'West',"[(((5, 4), (False, False, False, False)), 'East', 1), (((3, 4), (False, False, False, False)), 'West', 1)]",11,11,70,12,44,56
59,"((18, 1), (False, False, False, False))","((18, 2), (False, False, False, False))",'South',"[(((18, 2), (False, False, False, False)), 'North', 1)]",11,10,70,23,33,56
60,"((20, 6), (False, False, False, False))","((19, 6), (False, False, False, False))",'East',"[(((20, 7), (False, False, False, False)), 'North', 1), (((19, 6), (False, False, False, False)), 'West', 1)]",10,10,71,24,33,57
61,"((16, 6), (False, False, False, False))","((17, 6), (False, False, False, False))",'West',"[(((17, 6), (False, False, False, False)), 'East', 1)]",10,9,71,24,33,57
62,"((9, 6), (False, False, False, False))","((10, 6), (False, False, False, False))",'West',"[(((9, 7), (False, False, False, False)), 'North', 1), (((10, 6), (False, False, False, False)), 'East', 1)]",9,9,72,17,40,57
63,"((13, 8), (False, False, False, False))","((12, 8), (False, False, False, False))",'East',"[(((12, 8), (False, False, False, False)), 'West', 1)]",9,8,72,19,38,57
64,"((11, 12), (False, False, False, False))","((11, 11), (False, False, False, False))",'North',"[(((11, 11), (False, False, False, False)), 'South', 1)]",8,7,72,21,36,57
65,"((9, 10), (False, False, False, False))","((10, 10), (False, False, False, False))",'West',"[(((9, 11), (False, False, False, False)), 'North', 1), (((10, 10), (False, False, False, False)), 'East', 1)]",7,7,73,21,36,57
66,"((15, 9), (False, False, False, False))","((15, 10), (False, False, False, False))",'South',"[(((15, 10), (False, False, False, False)), 'North', 1), (((15, 8), (False, False, False, False)), 'South', 1)]",7,7,74,24,33,57
67,"((16, 10), (False, False, False, False))","((15, 10), (False, False, False, False))",'East',"[(((15, 10), (False, False, False, False)), 'West', 1)]",7,6,74,24,33,57
68,"((5, 6), (False, False, False, False))","((5, 5), (False, False, False, False))",'North',"[(((5, 7), (False, False, False, False)), 'North', 1), (((5, 5), (False, False, False, False)), 'South', 1), (((6, 6), (False, False, False, False)), 'East', 1), (((4, 6), (False, False, False, False)), 'West', 1)]",6,8,77,13,45,58
69,"((3, 4), (False, False, False, False))","((4, 4), (False, False, False, False))",'West',"[(((3, 5), (False, False, False, False)), 'North', 1), (((3, 3), (False, False, False, False)), 'South', 1), (((4, 4), (False, False, False, False)), 'East', 1)]",8,9,79,13,45,58
70,"((20, 7), (False, False, False, False))","((20, 6), (False, False, False, False))",'North',"[(((20, 8), (False, False, False, False)), 'North', 1), (((20, 6), (False, False, False, False)), 'South', 1)]",9,9,80,25,34,59
71,"((9, 7), (False, False, False, False))","((9, 6), (False, False, False, False))",'North',"[(((9, 8), (False, False, False, False)), 'North', 1), (((9, 6), (False, False, False, False)), 'South', 1)]",9,9,81,18,41,59
72,"((9, 11), (False, False, False, False))","((9, 10), (False, False, False, False))",'North',"[(((9, 12), (False, False, False, False)), 'North', 1), (((9, 10), (False, False, False, False)), 'South', 1)]",9,9,82,22,37,59
73,"((15, 8), (False, False, False, False))","((15, 9), (False, False, False, False))",'South',"[(((15, 9), (False, False, False, False)), 'North', 1), (((16, 8), (False, False, False, False)), 'East', 1)]",9,9,83,25,34,59
74,"((5, 7), (False, False, False, False))","((5, 6), (False, False, False, False))",'North',"[(((5, 8), (False, False, False, False)), 'North', 1), (((5, 6), (False, False, False, False)), 'South', 1)]",9,9,84,14,46,60
75,"((6, 6), (False, False, False, False))","((5, 6), (False, False, False, False))",'East',"[(((7, 6), (False, False, False, False)), 'East', 1), (((5, 6), (False, False, False, False)), 'West', 1)]",9,9,85,14,46,60
76,"((4, 6), (False, False, False, False))","((5, 6), (False, False, False, False))",'West',"[(((5, 6), (False, False, False, False)), 'East', 1), (((3, 6), (False, False, False, False)), 'West', 1)]",9,9,86,14,46,60
77,"((3, 5), (False, False, False, False))","((3, 4), (False, False, False, False))",'North',"[(((3, 6), (False, False, False, False)), 'North', 1), (((3, 4), (False, False, False, False)), 'South', 1)]",9,8,86,14,46,60
78,"((3, 3), (False, False, False, False))","((3, 4), (False, False, False, False))",'South',"[(((3, 4), (False, False, False, False)), 'North', 1), (((3, 2), (False, False, False, False)), 'South', 1)]",8,8,87,14,46,60
79,"((20, 8), (False, False, False, False))","((20, 7), (False, False, False, False))",'North',"[(((20, 7), (False, False, False, False)), 'South', 1), (((21, 8), (False, False, False, False)), 'East', 1)]",8,8,88,26,35,61
80,"((9, 8), (False, False, False, False))","((9, 7), (False, False, False, False))",'North',"[(((9, 7), (False, False, False, False)), 'South', 1)]",8,7,88,19,42,61
81,"((9, 12), (False, False, False, False))","((9, 11), (False, False, False, False))",'North',"[(((9, 11), (False, False, False, False)), 'South', 1)]",7,6,88,23,38,61
82,"((16, 8), (False, False, False, False))","((15, 8), (False, False, False, False))",'East',"[(((17, 8), (False, False, False, False)), 'East', 1), (((15, 8), (False, False, False, False)), 'West', 1)]",6,6,89,26,35,61
83,"((5, 8), (False, False, False, False))","((5, 7), (False, False, False, False))",'North',"[(((5, 9), (False, False, False, False)), 'North', 1), (((5, 7), (False, False, False, False)), 'South', 1)]",6,6,90,15,47,62
84,"((7, 6), (False, False, False, False))","((6, 6), (False, False, False, False))",'East',"[(((7, 7), (False, False, False, False)), 'North', 1), (((6, 6), (False, False, False, False)), 'West', 1)]",6,6,91,15,47,62
85,"((3, 6), (False, False, False, False))","((4, 6), (False, False, False, False))",'West',"[(((3, 5), (False, False, False, False)), 'South', 1), (((4, 6), (False, False, False, False)), 'East', 1), (((2, 6), (False, False, False, False)), 'West', 1)]",6,6,92,15,47,62
86,"((3, 2), (False, False, False, False))","((3, 3), (False, False, False, False))",'South',"[(((3, 3), (False, False, False, False)), 'North', 1), (((3, 1), (False, False, False, False)), 'South', 1), (((2, 2), (False, False, False, False)), 'West', 1)]",6,7,94,15,47,62
87,"((21, 8), (False, False, False, False))","((20, 8), (False, False, False, False))",'East',"[(((22, 8), (False, False, False, False)), 'East', 1), (((20, 8), (False, False, False, False)), 'West', 1)]",7,7,95,27,36,63
88,"((17, 8), (False, False, False, False))","((16, 8), (False, False, False, False))",'East',"[(((18, 8), (False, False, False, False)), 'East', 1), (((16, 8), (False, False, False, False)), 'West', 1)]",7,7,96,27,36,63
89,"((5, 9), (False, False, False, False))","((5, 8), (False, False, False, False))",'North',"[(((5, 10), (False, False, False, False)), 'North', 1), (((5, 8), (False, False, False, False)), 'South', 1)]",7,7,97,16,48,64
90,"((7, 7), (False, False, False, False))","((7, 6), (False, False, False, False))",'North',"[(((7, 8), (False, False, False, False)), 'North', 1), (((7, 6), (False, False, False, False)), 'South', 1)]",7,7,98,16,48,64
91,"((2, 6), (False, False, False, False))","((3, 6), (False, False, False, False))",'West',"[(((3, 6), (False, False, False, False)), 'East', 1), (((1, 6), (False, False, False, False)), 'West', 1)]",7,7,99,16,48,64
92,"((3, 1), (False, False, False, False))","((3, 2), (False, False, False, False))",'South',"[(((3, 2), (False, False, False, False)), 'North', 1), (((2, 1), (False, False, False, False)), 'West', 1)]",7,7,100,16,48,64
93,"((2, 2), (False, False, False, False))","((3, 2), (False, False, False, False))",'West',"[(((2, 1), (False, False, False, False)), 'South', 1), (((3, 2), (False, False, False, False)), 'East', 1), (((1, 2), (False, False, False, False)), 'West', 1)]",7,7,101,16,48,64
94,"((22, 8), (False, False, False, False))","((21, 8), (False, False, False, False))",'East',"[(((23, 8), (False, False, False, False)), 'East', 1), (((21, 8), (False, False, False, False)), 'West', 1)]",7,7,102,28,37,65
95,"((18, 8), (False, False, False, False))","((17, 8), (False, False, False, False))",'East',"[(((18, 9), (False, False, False, False)), 'North', 1), (((17, 8), (False, False, False, False)), 'West', 1)]",7,7,103,28,37,65
96,"((5, 10), (False, False, False, False))","((5, 9), (False, False, False, False))",'North',"[(((5, 11), (False, False, False, False)), 'North', 1), (((5, 9), (False, False, False, False)), 'South', 1), (((6, 10), (False, False, False, False)), 'East', 1), (((4, 10), (False, False, False, False)), 'West', 1)]",7,9,106,17,49,66
97,"((7, 8), (False, False, False, False))","((7, 7), (False, False, False, False))",'North',"[(((7, 7), (False, False, False, False)), 'South', 1)]",9,8,106,17,49,66
98,"((1, 6), (False, False, False, False))","((2, 6), (False, False, False, False))",'West',"[(((1, 7), (False, False, False, False)), 'North', 1), (((2, 6), (False, False, False, False)), 'East', 1)]",8,8,107,17,49,66
99,"((2, 1), (False, False, False, False))","((3, 1), (False, False, False, False))",'West',"[(((2, 2), (False, False, False, False)), 'North', 1), (((3, 1), (False, False, False, False)), 'East', 1), (((1, 1), (True, False, False, False)), 'West', 1)]",8,8,108,17,49,66
100,"((1, 2), (False, False, False, False))","((2, 2), (False, False, False, False))",'West',"[(((1, 3), (False, False, False, False)), 'North', 1), (((1, 1), (True, False, False, False)), 'South', 1), (((2, 2), (False, False, False, False)), 'East', 1)]",8,8,109,17,49,66
101,"((23, 8), (False, False, False, False))","((22, 8), (False, False, False, False))",'East',"[(((24, 8), (False, False, False, False)), 'East', 1), (((22, 8), (False, False, False, False)), 'West', 1)]",8,8,110,29,38,67
102,"((18, 9), (False, False, False, False))","((18, 8), (False, False, False, False))",'North',"[(((18, 10), (False, False, False, False)), 'North', 1), (((18, 8), (False, False, False, False)), 'South', 1)]",8,8,111,29,38,67
103,"((5, 11), (False, False, False, False))","((5, 10), (False, False, False, False))",'North',"[(((5, 12), (False, False, False, False)), 'North', 1), (((5, 10), (False, False, False, False)), 'South', 1), (((6, 11), (False, False, False, False)), 'East', 1), (((4, 11), (False, False, False, False)), 'West', 1)]",8,10,114,18,50,68
104,"((6, 10), (False, False, False, False))","((5, 10), (False, False, False, False))",'East',"[(((6, 11), (False, False, False, False)), 'North', 1), (((7, 10), (False, False, False, False)), 'East', 1), (((5, 10), (False, False, False, False)), 'West', 1)]",10,10,115,18,50,68
105,"((4, 10), (False, False, False, False))","((5, 10), (False, False, False, False))",'West',"[(((4, 11), (False, False, False, False)), 'North', 1), (((5, 10), (False, False, False, False)), 'East', 1), (((3, 10), (False, False, False, False)), 'West', 1)]",10,10,116,18,50,68
106,"((1, 7), (False, False, False, False))","((1, 6), (False, False, False, False))",'North',"[(((1, 8), (False, False, False, False)), 'North', 1), (((1, 6), (False, False, False, False)), 'South', 1)]",10,10,117,18,50,68
107,"((1, 1), (True, False, False, False))","((2, 1), (False, False, False, False))",'West',"[(((1, 2), (True, False, False, False)), 'North', 1), (((2, 1), (True, False, False, False)), 'East', 1)]",10,11,119,18,50,68
108,"((1, 3), (False, False, False, False))","((1, 2), (False, False, False, False))",'North',"[(((1, 4), (False, False, False, False)), 'North', 1), (((1, 2), (False, False, False, False)), 'South', 1)]",11,11,120,18,50,68
109,"((1, 2), (True, False, False, False))","((1, 1), (True, False, False, False))",'North',"[(((1, 3), (True, False, False, False)), 'North', 1), (((1, 1), (True, False, False, False)), 'South', 1), (((2, 2), (True, False, False, False)), 'East', 1)]",11,12,122,19,49,68
110,"((2, 1), (True, False, False, False))","((1, 1), (True, False, False, False))",'East',"[(((2, 2), (True, False, False, False)), 'North', 1), (((3, 1), (True, False, False, False)), 'East', 1), (((1, 1), (True, False, False, False)), 'West', 1)]",12,12,123,19,49,68
111,"((2, 2), (True, False, False, False))","((1, 2), (True, False, False, False))",'East',"[(((2, 1), (True, False, False, False)), 'South', 1), (((3, 2), (True, False, False, False)), 'East', 1), (((1, 2), (True, False, False, False)), 'West', 1)]",12,12,124,20,48,68
112,"((3, 1), (True, False, False, False))","((2, 1), (True, False, False, False))",'East',"[(((3, 2), (True, False, False, False)), 'North', 1), (((2, 1), (True, False, False, False)), 'West', 1)]",12,11,124,20,48,68
113,"((3, 2), (True, False, False, False))","((2, 2), (True, False, False, False))",'East',"[(((3, 3), (True, False, False, False)), 'North', 1), (((3, 1), (True, False, False, False)), 'South', 1), (((2, 2), (True, False, False, False)), 'West', 1)]",11,11,125,21,47,68
114,"((3, 3), (True, False, False, False))","((3, 2), (True, False, False, False))",'North',"[(((3, 4), (True, False, False, False)), 'North', 1), (((3, 2), (True, False, False, False)), 'South', 1)]",11,11,126,22,46,68
115,"((3, 4), (True, False, False, False))","((3, 3), (True, False, False, False))",'North',"[(((3, 5), (True, False, False, False)), 'North', 1), (((3, 3), (True, False, False, False)), 'South', 1), (((4, 4), (True, False, False, False)), 'East', 1)]",11,12,128,23,45,68
116,"((4, 4), (True, False, False, False))","((3, 4), (True, False, False, False))",'East',"[(((5, 4), (True, False, False, False)), 'East', 1), (((3, 4), (True, False, False, False)), 'West', 1)]",12,12,129,24,44,68
117,"((5, 4), (True, False, False, False))","((4, 4), (True, False, False, False))",'East',"[(((5, 5), (True, False, False, False)), 'North', 1), (((6, 4), (True, False, False, False)), 'East', 1), (((4, 4), (True, False, False, False)), 'West', 1)]",12,13,131,25,43,68
118,"((6, 4), (True, False, False, False))","((5, 4), (True, False, False, False))",'East',"[(((7, 4), (True, False, False, False)), 'East', 1), (((5, 4), (True, False, False, False)), 'West', 1)]",13,13,132,26,42,68
119,"((7, 4), (True, False, False, False))","((6, 4), (True, False, False, False))",'East',"[(((8, 4), (True, False, False, False)), 'East', 1), (((6, 4), (True, False, False, False)), 'West', 1)]",13,13,133,27,41,68
120,"((8, 4), (True, False, False, False))","((7, 4), (True, False, False, False))",'East',"[(((9, 4), (True, False, False, False)), 'East', 1), (((7, 4), (True, False, False, False)), 'West', 1)]",13,13,134,28,40,68
121,"((9, 4), (True, False, False, False))","((8, 4), (True, False, False, False))",'East',"[(((9, 3), (True, False, False, False)), 'South', 1), (((10, 4), (True, False, False, False)), 'East', 1), (((8, 4), (True, False, False, False)), 'West', 1)]",13,14,136,29,39,68
122,"((10, 4), (True, False, False, False))","((9, 4), (True, False, False, False))",'East',"[(((11, 4), (True, False, False, False)), 'East', 1), (((9, 4), (True, False, False, False)), 'West', 1)]",14,14,137,30,38,68
123,"((11, 4), (True, False, False, False))","((10, 4), (True, False, False, False))",'East',"[(((11, 3), (True, False, False, False)), 'South', 1), (((12, 4), (True, False, False, False)), 'East', 1), (((10, 4), (True, False, False, False)), 'West', 1)]",14,15,139,31,37,68
124,"((24, 8), (False, False, False, False))","((23, 8), (False, False, False, False))",'East',"[(((24, 9), (False, False, False, False)), 'North', 1), (((24, 7), (False, False, False, False)), 'South', 1), (((23, 8), (False, False, False, False)), 'West', 1)]",15,16,141,30,39,69
125,"((18, 10), (False, False, False, False))","((18, 9), (False, False, False, False))",'North',"[(((18, 11), (False, False, False, False)), 'North', 1), (((18, 9), (False, False, False, False)), 'South', 1), (((19, 10), (False, False, False, False)), 'East', 1)]",16,17,143,30,39,69
126,"((12, 4), (True, False, False, False))","((11, 4), (True, False, False, False))",'East',"[(((13, 4), (True, False, False, False)), 'East', 1), (((11, 4), (True, False, False, False)), 'West', 1)]",17,17,144,32,37,69
127,"((5, 12), (False, False, False, False))","((5, 11), (False, False, False, False))",'North',"[(((5, 11), (False, False, False, False)), 'South', 1), (((6, 12), (False, False, False, False)), 'East', 1), (((4, 12), (False, False, False, False)), 'West', 1)]",17,18,146,19,51,70
128,"((6, 11), (False, False, False, False))","((5, 11), (False, False, False, False))",'East',"[(((6, 12), (False, False, False, False)), 'North', 1), (((6, 10), (False, False, False, False)), 'South', 1), (((7, 11), (False, False, False, False)), 'East', 1), (((5, 11), (False, False, False, False)), 'West', 1)]",18,18,147,19,51,70
129,"((4, 11), (False, False, False, False))","((5, 11), (False, False, False, False))",'West',"[(((4, 12), (False, False, False, False)), 'North', 1), (((4, 10), (False, False, False, False)), 'South', 1), (((5, 11), (False, False, False, False)), 'East', 1), (((3, 11), (False, False, False, False)), 'West', 1)]",18,18,148,19,51,70
130,"((7, 10), (False, False, False, False))","((6, 10), (False, False, False, False))",'East',"[(((7, 11), (False, False, False, False)), 'North', 1), (((6, 10), (False, False, False, False)), 'West', 1)]",18,17,148,19,51,70
131,"((3, 10), (False, False, False, False))","((4, 10), (False, False, False, False))",'West',"[(((3, 11), (False, False, False, False)), 'North', 1), (((4, 10), (False, False, False, False)), 'East', 1), (((2, 10), (False, False, False, False)), 'West', 1)]",17,17,149,19,51,70
132,"((1, 8), (False, False, False, False))","((1, 7), (False, False, False, False))",'North',"[(((1, 7), (False, False, False, False)), 'South', 1), (((2, 8), (False, False, False, False)), 'East', 1)]",17,17,150,19,51,70
133,"((1, 4), (False, False, False, False))","((1, 3), (False, False, False, False))",'North',"[(((1, 3), (False, False, False, False)), 'South', 1)]",17,16,150,19,51,70
134,"((1, 3), (True, False, False, False))","((1, 2), (True, False, False, False))",'North',"[(((1, 4), (True, False, False, False)), 'North', 1), (((1, 2), (True, False, False, False)), 'South', 1)]",16,16,151,20,50,70
135,"((3, 5), (True, False, False, False))","((3, 4), (True, False, False, False))",'North',"[(((3, 6), (True, False, False, False)), 'North', 1), (((3, 4), (True, False, False, False)), 'South', 1)]",16,16,152,24,46,70
136,"((5, 5), (True, False, False, False))","((5, 4), (True, False, False, False))",'North',"[(((5, 6), (True, False, False, False)), 'North', 1), (((5, 4), (True, False, False, False)), 'South', 1)]",16,16,153,26,44,70
137,"((9, 3), (True, False, False, False))","((9, 4), (True, False, False, False))",'South',"[(((9, 4), (True, False, False, False)), 'North', 1), (((9, 2), (True, False, False, False)), 'South', 1)]",16,16,154,30,40,70
138,"((11, 3), (True, False, False, False))","((11, 4), (True, False, False, False))",'South',"[(((11, 4), (True, False, False, False)), 'North', 1), (((11, 2), (True, False, False, False)), 'South', 1)]",16,16,155,32,38,70
139,"((24, 9), (False, False, False, False))","((24, 8), (False, False, False, False))",'North',"[(((24, 10), (False, False, False, False)), 'North', 1), (((24, 8), (False, False, False, False)), 'South', 1)]",16,16,156,31,40,71
140,"((24, 7), (False, False, False, False))","((24, 8), (False, False, False, False))",'South',"[(((24, 8), (False, False, False, False)), 'North', 1), (((24, 6), (False, False, False, False)), 'South', 1)]",16,16,157,31,40,71
141,"((18, 11), (False, False, False, False))","((18, 10), (False, False, False, False))",'North',"[(((18, 12), (False, False, False, False)), 'North', 1), (((18, 10), (False, False, False, False)), 'South', 1)]",16,16,158,31,40,71
142,"((19, 10), (False, False, False, False))","((18, 10), (False, False, False, False))",'East',"[(((20, 10), (False, False, False, False)), 'East', 1), (((18, 10), (False, False, False, False)), 'West', 1)]",16,16,159,31,40,71
143,"((13, 4), (True, False, False, False))","((12, 4), (True, False, False, False))",'East',"[(((13, 5), (True, False, False, False)), 'North', 1), (((12, 4), (True, False, False, False)), 'West', 1)]",16,16,160,33,38,71
144,"((6, 12), (False, False, False, False))","((5, 12), (False, False, False, False))",'East',"[(((6, 11), (False, False, False, False)), 'South', 1), (((7, 12), (False, False, False, False)), 'East', 1), (((5, 12), (False, False, False, False)), 'West', 1)]",16,16,161,20,52,72
145,"((4, 12), (False, False, False, False))","((5, 12), (False, False, False, False))",'West',"[(((4, 11), (False, False, False, False)), 'South', 1), (((5, 12), (False, False, False, False)), 'East', 1), (((3, 12), (False, False, False, False)), 'West', 1)]",16,16,162,20,52,72
146,"((7, 11), (False, False, False, False))","((6, 11), (False, False, False, False))",'East',"[(((7, 12), (False, False, False, False)), 'North', 1), (((7, 10), (False, False, False, False)), 'South', 1), (((6, 11), (False, False, False, False)), 'West', 1)]",16,15,162,20,52,72
147,"((3, 11), (False, False, False, False))","((4, 11), (False, False, False, False))",'West',"[(((3, 12), (False, False, False, False)), 'North', 1), (((3, 10), (False, False, False, False)), 'South', 1), (((4, 11), (False, False, False, False)), 'East', 1), (((2, 11), (False, False, False, False)), 'West', 1)]",15,15,163,20,52,72
148,"((2, 10), (False, False, False, False))","((3, 10), (False, False, False, False))",'West',"[(((2, 11), (False, False, False, False)), 'North', 1), (((3, 10), (False, False, False, False)), 'East', 1), (((1, 10), (False, False, False, False)), 'West', 1)]",15,15,164,20,52,72
149,"((2, 8), (False, False, False, False))","((1, 8), (False, False, False, False))",'East',"[(((3, 8), (False, False, False, False)), 'East', 1), (((1, 8), (False, False, False, False)), 'West', 1)]",15,15,165,20,52,72
150,"((1, 4), (True, False, False, False))","((1, 3), (True, False, False, False))",'North',"[(((1, 3), (True, False, False, False)), 'South', 1)]",15,14,165,21,51,72
151,"((3, 6), (True, False, False, False))","((3, 5), (True, False, False, False))",'North',"[(((3, 5), (True, False, False, False)), 'South', 1), (((4, 6), (True, False, False, False)), 'East', 1), (((2, 6), (True, False, False, False)), 'West', 1)]",14,15,167,25,47,72
152,"((5, 6), (True, False, False, False))","((5, 5), (True, False, False, False))",'North',"[(((5, 7), (True, False, False, False)), 'North', 1), (((5, 5), (True, False, False, False)), 'South', 1), (((6, 6), (True, False, False, False)), 'East', 1), (((4, 6), (True, False, False, False)), 'West', 1)]",15,16,169,27,45,72
153,"((9, 2), (True, False, False, False))","((9, 3), (True, False, False, False))",'South',"[(((9, 3), (True, False, False, False)), 'North', 1), (((8, 2), (True, False, False, False)), 'West', 1)]",16,16,170,31,41,72
154,"((11, 2), (True, False, False, False))","((11, 3), (True, False, False, False))",'South',"[(((11, 3), (True, False, False, False)), 'North', 1), (((11, 1), (True, False, False, False)), 'South', 1), (((12, 2), (True, False, False, False)), 'East', 1)]",16,17,172,33,39,72
155,"((4, 6), (True, False, False, False))","((3, 6), (True, False, False, False))",'East',"[(((5, 6), (True, False, False, False)), 'East', 1), (((3, 6), (True, False, False, False)), 'West', 1)]",17,16,172,26,46,72
156,"((12, 2), (True, False, False, False))","((11, 2), (True, False, False, False))",'East',"[(((12, 1), (True, False, False, False)), 'South', 1), (((13, 2), (True, False, False, False)), 'East', 1), (((11, 2), (True, False, False, False)), 'West', 1)]",16,17,174,34,38,72
157,"((13, 2), (True, False, False, False))","((12, 2), (True, False, False, False))",'East',"[(((13, 1), (True, False, False, False)), 'South', 1), (((14, 2), (True, False, False, False)), 'East', 1), (((12, 2), (True, False, False, False)), 'West', 1)]",17,18,176,35,37,72
158,"((14, 2), (True, False, False, False))","((13, 2), (True, False, False, False))",'East',"[(((14, 1), (True, False, False, False)), 'South', 1), (((15, 2), (True, False, False, False)), 'East', 1), (((13, 2), (True, False, False, False)), 'West', 1)]",18,19,178,36,36,72
159,"((15, 2), (True, False, False, False))","((14, 2), (True, False, False, False))",'East',"[(((15, 1), (True, False, False, False)), 'South', 1), (((16, 2), (True, False, False, False)), 'East', 1), (((14, 2), (True, False, False, False)), 'West', 1)]",19,20,180,37,35,72
160,"((16, 2), (True, False, False, False))","((15, 2), (True, False, False, False))",'East',"[(((16, 3), (True, False, False, False)), 'North', 1), (((16, 1), (True, False, False, False)), 'South', 1), (((15, 2), (True, False, False, False)), 'West', 1)]",20,21,182,38,34,72
161,"((16, 3), (True, False, False, False))","((16, 2), (True, False, False, False))",'North',"[(((16, 4), (True, False, False, False)), 'North', 1), (((16, 2), (True, False, False, False)), 'South', 1)]",21,21,183,39,33,72
162,"((16, 4), (True, False, False, False))","((16, 3), (True, False, False, False))",'North',"[(((16, 3), (True, False, False, False)), 'South', 1), (((17, 4), (True, False, False, False)), 'East', 1)]",21,21,184,40,32,72
163,"((17, 4), (True, False, False, False))","((16, 4), (True, False, False, False))",'East',"[(((18, 4), (True, False, False, False)), 'East', 1), (((16, 4), (True, False, False, False)), 'West', 1)]",21,21,185,41,31,72
164,"((18, 4), (True, False, False, False))","((17, 4), (True, False, False, False))",'East',"[(((18, 5), (True, False, False, False)), 'North', 1), (((18, 3), (True, False, False, False)), 'South', 1), (((19, 4), (True, False, False, False)), 'East', 1), (((17, 4), (True, False, False, False)), 'West', 1)]",21,23,188,42,30,72
165,"((24, 10), (False, False, False, False))","((24, 9), (False, False, False, False))",'North',"[(((24, 9), (False, False, False, False)), 'South', 1)]",23,22,188,32,41,73
166,"((24, 6), (False, False, False, False))","((24, 7), (False, False, False, False))",'South',"[(((24, 7), (False, False, False, False)), 'North', 1), (((24, 5), (False, False, False, False)), 'South', 1)]",22,22,189,32,41,73
167,"((18, 12), (False, False, False, False))","((18, 11), (False, False, False, False))",'North',"[(((18, 11), (False, False, False, False)), 'South', 1), (((19, 12), (False, False, False, False)), 'East', 1), (((17, 12), (False, False, False, False)), 'West', 1)]",22,23,191,32,41,73
168,"((20, 10), (False, False, False, False))","((19, 10), (False, False, False, False))",'East',"[(((21, 10), (False, False, False, False)), 'East', 1), (((19, 10), (False, False, False, False)), 'West', 1)]",23,23,192,32,41,73
169,"((13, 5), (True, False, False, False))","((13, 4), (True, False, False, False))",'North',"[(((13, 6), (True, False, False, False)), 'North', 1), (((13, 4), (True, False, False, False)), 'South', 1)]",23,23,193,34,39,73
170,"((18, 5), (True, False, False, False))","((18, 4), (True, False, False, False))",'North',"[(((18, 6), (True, False, False, False)), 'North', 1), (((18, 4), (True, False, False, False)), 'South', 1)]",23,23,194,43,30,73
171,"((7, 12), (False, False, False, False))","((6, 12), (False, False, False, False))",'East',"[(((7, 11), (False, False, False, False)), 'South', 1), (((6, 12), (False, False, False, False)), 'West', 1)]",23,22,194,21,53,74
172,"((3, 12), (False, False, False, False))","((4, 12), (False, False, False, False))",'West',"[(((3, 11), (False, False, False, False)), 'South', 1), (((4, 12), (False, False, False, False)), 'East', 1), (((2, 12), (False, False, False, False)), 'West', 1)]",22,22,195,21,53,74
173,"((2, 11), (False, False, False, False))","((3, 11), (False, False, False, False))",'West',"[(((2, 12), (False, False, False, False)), 'North', 1), (((2, 10), (False, False, False, False)), 'South', 1), (((3, 11), (False, False, False, False)), 'East', 1), (((1, 11), (False, False, False, False)), 'West', 1)]",22,22,196,21,53,74
174,"((1, 10), (False, False, False, False))","((2, 10), (False, False, False, False))",'West',"[(((1, 11), (False, False, False, False)), 'North', 1), (((2, 10), (False, False, False, False)), 'East', 1)]",22,21,196,21,53,74
175,"((3, 8), (False, False, False, False))","((2, 8), (False, False, False, False))",'East',"[(((2, 8), (False, False, False, False)), 'West', 1)]",21,20,196,21,53,74
176,"((2, 6), (True, False, False, False))","((3, 6), (True, False, False, False))",'West',"[(((3, 6), (True, False, False, False)), 'East', 1), (((1, 6), (True, False, False, False)), 'West', 1)]",20,20,197,26,48,74
177,"((5, 7), (True, False, False, False))","((5, 6), (True, False, False, False))",'North',"[(((5, 8), (True, False, False, False)), 'North', 1), (((5, 6), (True, False, False, False)), 'South', 1)]",20,20,198,28,46,74
178,"((6, 6), (True, False, False, False))","((5, 6), (True, False, False, False))",'East',"[(((7, 6), (True, False, False, False)), 'East', 1), (((5, 6), (True, False, False, False)), 'West', 1)]",20,20,199,28,46,74
179,"((8, 2), (True, False, False, False))","((9, 2), (True, False, False, False))",'West',"[(((9, 2), (True, False, False, False)), 'East', 1), (((7, 2), (True, False, False, False)), 'West', 1)]",20,20,200,32,42,74
180,"((11, 1), (True, False, False, False))","((11, 2), (True, False, False, False))",'South',"[(((11, 2), (True, False, False, False)), 'North', 1), (((12, 1), (True, False, False, False)), 'East', 1)]",20,19,200,34,40,74
181,"((12, 1), (True, False, False, False))","((12, 2), (True, False, False, False))",'South',"[(((12, 2), (True, False, False, False)), 'North', 1), (((13, 1), (True, False, False, False)), 'East', 1), (((11, 1), (True, False, False, False)), 'West', 1)]",19,18,200,35,39,74
182,"((13, 1), (True, False, False, False))","((13, 2), (True, False, False, False))",'South',"[(((13, 2), (True, False, False, False)), 'North', 1), (((14, 1), (True, False, False, False)), 'East', 1), (((12, 1), (True, False, False, False)), 'West', 1)]",18,17,200,36,38,74
183,"((14, 1), (True, False, False, False))","((14, 2), (True, False, False, False))",'South',"[(((14, 2), (True, False, False, False)), 'North', 1), (((15, 1), (True, False, False, False)), 'East', 1), (((13, 1), (True, False, False, False)), 'West', 1)]",17,16,200,37,37,74
184,"((15, 1), (True, False, False, False))","((15, 2), (True, False, False, False))",'South',"[(((15, 2), (True, False, False, False)), 'North', 1), (((16, 1), (True, False, False, False)), 'East', 1), (((14, 1), (True, False, False, False)), 'West', 1)]",16,15,200,38,36,74
185,"((16, 1), (True, False, False, False))","((16, 2), (True, False, False, False))",'South',"[(((16, 2), (True, False, False, False)), 'North', 1), (((15, 1), (True, False, False, False)), 'West', 1)]",15,14,200,39,35,74
186,"((18, 3), (True, False, False, False))","((18, 4), (True, False, False, False))",'South',"[(((18, 4), (True, False, False, False)), 'North', 1), (((18, 2), (True, False, False, False)), 'South', 1)]",14,14,201,43,31,74
187,"((19, 4), (True, False, False, False))","((18, 4), (True, False, False, False))",'East',"[(((20, 4), (True, False, False, False)), 'East', 1), (((18, 4), (True, False, False, False)), 'West', 1)]",14,14,202,43,31,74
188,"((24, 5), (False, False, False, False))","((24, 6), (False, False, False, False))",'South',"[(((24, 6), (False, False, False, False)), 'North', 1), (((24, 4), (False, False, False, False)), 'South', 1)]",14,14,203,33,42,75
189,"((19, 12), (False, False, False, False))","((18, 12), (False, False, False, False))",'East',"[(((20, 12), (False, False, False, False)), 'East', 1), (((18, 12), (False, False, False, False)), 'West', 1)]",14,14,204,33,42,75
190,"((17, 12), (False, False, False, False))","((18, 12), (False, False, False, False))",'West',"[(((18, 12), (False, False, False, False)), 'East', 1), (((16, 12), (False, False, False, False)), 'West', 1)]",14,14,205,33,42,75
191,"((21, 10), (False, False, False, False))","((20, 10), (False, False, False, False))",'East',"[(((22, 10), (False, False, False, False)), 'East', 1), (((20, 10), (False, False, False, False)), 'West', 1)]",14,14,206,33,42,75
192,"((13, 6), (True, False, False, False))","((13, 5), (True, False, False, False))",'North',"[(((13, 5), (True, False, False, False)), 'South', 1), (((12, 6), (True, False, False, False)), 'West', 1)]",14,14,207,35,40,75
193,"((18, 6), (True, False, False, False))","((18, 5), (True, False, False, False))",'North',"[(((18, 5), (True, False, False, False)), 'South', 1), (((19, 6), (True, False, False, False)), 'East', 1), (((17, 6), (True, False, False, False)), 'West', 1)]",14,15,209,44,31,75
194,"((12, 6), (True, False, False, False))","((13, 6), (True, False, False, False))",'West',"[(((13, 6), (True, False, False, False)), 'East', 1), (((11, 6), (True, False, False, False)), 'West', 1)]",15,15,210,36,39,75
195,"((11, 6), (True, False, False, False))","((12, 6), (True, False, False, False))",'West',"[(((11, 7), (True, False, False, False)), 'North', 1), (((12, 6), (True, False, False, False)), 'East', 1), (((10, 6), (True, False, False, False)), 'West', 1)]",15,16,212,37,38,75
196,"((11, 7), (True, False, False, False))","((11, 6), (True, False, False, False))",'North',"[(((11, 8), (True, False, False, False)), 'North', 1), (((11, 6), (True, False, False, False)), 'South', 1)]",16,16,213,38,37,75
197,"((11, 8), (True, False, False, False))","((11, 7), (True, False, False, False))",'North',"[(((11, 9), (True, False, False, False)), 'North', 1), (((11, 7), (True, False, False, False)), 'South', 1), (((12, 8), (True, False, False, False)), 'East', 1)]",16,17,215,39,36,75
198,"((11, 9), (True, False, False, False))","((11, 8), (True, False, False, False))",'North',"[(((11, 10), (True, False, False, False)), 'North', 1), (((11, 8), (True, False, False, False)), 'South', 1)]",17,17,216,40,35,75
199,"((11, 10), (True, False, False, False))","((11, 9), (True, False, False, False))",'North',"[(((11, 11), (True, False, False, False)), 'North', 1), (((11, 9), (True, False, False, False)), 'South', 1), (((12, 10), (True, False, False, False)), 'East', 1), (((10, 10), (True, False, False, False)), 'West', 1)]",17,19,219,41,34,75
200,"((12, 10), (True, False, False, False))","((11, 10), (True, False, False, False))",'East',"[(((13, 10), (True, False, False, False)), 'East', 1), (((11, 10), (True, False, False, False)), 'West', 1)]",19,19,220,42,33,75
201,"((13, 10), (True, False, False, False))","((12, 10), (True, False, False, False))",'East',"[(((14, 10), (True, False, False, False)), 'East', 1), (((12, 10), (True, False, False, False)), 'West', 1)]",19,19,221,43,32,75
202,"((14, 10), (True, False, False, False))","((13, 10), (True, False, False, False))",'East',"[(((15, 10), (True, False, False, False)), 'East', 1), (((13, 10), (True, False, False, False)), 'West', 1)]",19,19,222,44,31,75
203,"((2, 12), (False, False, False, False))","((3, 12), (False, False, False, False))",'West',"[(((2, 11), (False, False, False, False)), 'South', 1), (((3, 12), (False, False, False, False)), 'East', 1), (((1, 12), (False, True, False, False)), 'West', 1)]",19,19,223,22,54,76
204,"((1, 11), (False, False, False, False))","((2, 11), (False, False, False, False))",'West',"[(((1, 12), (False, True, False, False)), 'North', 1), (((1, 10), (False, False, False, False)), 'South', 1), (((2, 11), (False, False, False, False)), 'East', 1)]",19,18,223,22,54,76
205,"((1, 6), (True, False, False, False))","((2, 6), (True, False, False, False))",'West',"[(((1, 7), (True, False, False, False)), 'North', 1), (((2, 6), (True, False, False, False)), 'East', 1)]",18,18,224,27,49,76
206,"((5, 8), (True, False, False, False))","((5, 7), (True, False, False, False))",'North',"[(((5, 9), (True, False, False, False)), 'North', 1), (((5, 7), (True, False, False, False)), 'South', 1)]",18,18,225,29,47,76
207,"((7, 6), (True, False, False, False))","((6, 6), (True, False, False, False))",'East',"[(((7, 7), (True, False, False, False)), 'North', 1), (((6, 6), (True, False, False, False)), 'West', 1)]",18,18,226,29,47,76
208,"((7, 2), (True, False, False, False))","((8, 2), (True, False, False, False))",'West',"[(((8, 2), (True, False, False, False)), 'East', 1), (((6, 2), (True, False, False, False)), 'West', 1)]",18,18,227,33,43,76
209,"((18, 2), (True, False, False, False))","((18, 3), (True, False, False, False))",'South',"[(((18, 3), (True, False, False, False)), 'North', 1), (((18, 1), (True, False, False, False)), 'South', 1)]",18,18,228,44,32,76
210,"((20, 4), (True, False, False, False))","((19, 4), (True, False, False, False))",'East',"[(((19, 4), (True, False, False, False)), 'West', 1)]",18,17,228,44,32,76
211,"((24, 4), (False, False, False, False))","((24, 5), (False, False, False, False))",'South',"[(((24, 5), (False, False, False, False)), 'North', 1), (((25, 4), (False, False, False, False)), 'East', 1), (((23, 4), (False, False, False, False)), 'West', 1)]",17,18,230,34,43,77
212,"((20, 12), (False, False, False, False))","((19, 12), (False, False, False, False))",'East',"[(((21, 12), (False, False, False, False)), 'East', 1), (((19, 12), (False, False, False, False)), 'West', 1)]",18,18,231,34,43,77
213,"((16, 12), (False, False, False, False))","((17, 12), (False, False, False, False))",'West',"[(((17, 12), (False, False, False, False)), 'East', 1), (((15, 12), (False, False, False, False)), 'West', 1)]",18,18,232,34,43,77
214,"((22, 10), (False, False, False, False))","((21, 10), (False, False, False, False))",'East',"[(((21, 10), (False, False, False, False)), 'West', 1)]",18,17,232,34,43,77
215,"((19, 6), (True, False, False, False))","((18, 6), (True, False, False, False))",'East',"[(((20, 6), (True, False, False, False)), 'East', 1), (((18, 6), (True, False, False, False)), 'West', 1)]",17,17,233,45,32,77
216,"((17, 6), (True, False, False, False))","((18, 6), (True, False, False, False))",'West',"[(((18, 6), (True, False, False, False)), 'East', 1), (((16, 6), (True, False, False, False)), 'West', 1)]",17,17,234,45,32,77
217,"((10, 6), (True, False, False, False))","((11, 6), (True, False, False, False))",'West',"[(((11, 6), (True, False, False, False)), 'East', 1), (((9, 6), (True, False, False, False)), 'West', 1)]",17,17,235,38,39,77
218,"((12, 8), (True, False, False, False))","((11, 8), (True, False, False, False))",'East',"[(((13, 8), (True, False, False, False)), 'East', 1), (((11, 8), (True, False, False, False)), 'West', 1)]",17,17,236,40,37,77
219,"((11, 11), (True, False, False, False))","((11, 10), (True, False, False, False))",'North',"[(((11, 12), (True, False, False, False)), 'North', 1), (((11, 10), (True, False, False, False)), 'South', 1)]",17,17,237,42,35,77
220,"((10, 10), (True, False, False, False))","((11, 10), (True, False, False, False))",'West',"[(((11, 10), (True, False, False, False)), 'East', 1), (((9, 10), (True, False, False, False)), 'West', 1)]",17,17,238,42,35,77
221,"((15, 10), (True, False, False, False))","((14, 10), (True, False, False, False))",'East',"[(((15, 9), (True, False, False, False)), 'South', 1), (((16, 10), (True, False, False, False)), 'East', 1), (((14, 10), (True, False, False, False)), 'West', 1)]",17,18,240,45,32,77
222,"((1, 12), (False, True, False, False))","((2, 12), (False, False, False, False))",'West',"[(((1, 11), (False, True, False, False)), 'South', 1), (((2, 12), (False, True, False, False)), 'East', 1)]",18,19,242,23,55,78
223,"((1, 7), (True, False, False, False))","((1, 6), (True, False, False, False))",'North',"[(((1, 8), (True, False, False, False)), 'North', 1), (((1, 6), (True, False, False, False)), 'South', 1)]",19,19,243,28,50,78
224,"((5, 9), (True, False, False, False))","((5, 8), (True, False, False, False))",'North',"[(((5, 10), (True, False, False, False)), 'North', 1), (((5, 8), (True, False, False, False)), 'South', 1)]",19,19,244,30,48,78
225,"((7, 7), (True, False, False, False))","((7, 6), (True, False, False, False))",'North',"[(((7, 8), (True, False, False, False)), 'North', 1), (((7, 6), (True, False, False, False)), 'South', 1)]",19,19,245,30,48,78
226,"((6, 2), (True, False, False, False))","((7, 2), (True, False, False, False))",'West',"[(((7, 2), (True, False, False, False)), 'East', 1), (((5, 2), (True, False, False, False)), 'West', 1)]",19,19,246,34,44,78
227,"((18, 1), (True, False, False, False))","((18, 2), (True, False, False, False))",'South',"[(((18, 2), (True, False, False, False)), 'North', 1)]",19,18,246,45,33,78
228,"((1, 11), (False, True, False, False))","((1, 12), (False, True, False, False))",'South',"[(((1, 12), (False, True, False, False)), 'North', 1), (((1, 10), (False, True, False, False)), 'South', 1), (((2, 11), (False, True, False, False)), 'East', 1)]",18,19,248,24,54,78
229,"((2, 12), (False, True, False, False))","((1, 12), (False, True, False, False))",'East',"[(((2, 11), (False, True, False, False)), 'South', 1), (((3, 12), (False, True, False, False)), 'East', 1), (((1, 12), (False, True, False, False)), 'West', 1)]",19,19,249,24,54,78
230,"((1, 10), (False, True, False, False))","((1, 11), (False, True, False, False))",'South',"[(((1, 11), (False, True, False, False)), 'North', 1), (((2, 10), (False, True, False, False)), 'East', 1)]",19,19,250,25,53,78
231,"((2, 11), (False, True, False, False))","((1, 11), (False, True, False, False))",'East',"[(((2, 12), (False, True, False, False)), 'North', 1), (((2, 10), (False, True, False, False)), 'South', 1), (((3, 11), (False, True, False, False)), 'East', 1), (((1, 11), (False, True, False, False)), 'West', 1)]",19,19,251,25,53,78
232,"((3, 12), (False, True, False, False))","((2, 12), (False, True, False, False))",'East',"[(((3, 11), (False, True, False, False)), 'South', 1), (((4, 12), (False, True, False, False)), 'East', 1), (((2, 12), (False, True, False, False)), 'West', 1)]",19,19,252,25,53,78
233,"((2, 10), (False, True, False, False))","((1, 10), (False, True, False, False))",'East',"[(((2, 11), (False, True, False, False)), 'North', 1), (((3, 10), (False, True, False, False)), 'East', 1), (((1, 10), (False, True, False, False)), 'West', 1)]",19,19,253,26,52,78
234,"((3, 11), (False, True, False, False))","((2, 11), (False, True, False, False))",'East',"[(((3, 12), (False, True, False, False)), 'North', 1), (((3, 10), (False, True, False, False)), 'South', 1), (((4, 11), (False, True, False, False)), 'East', 1), (((2, 11), (False, True, False, False)), 'West', 1)]",19,19,254,26,52,78
235,"((4, 12), (False, True, False, False))","((3, 12), (False, True, False, False))",'East',"[(((4, 11), (False, True, False, False)), 'South', 1), (((5, 12), (False, True, False, False)), 'East', 1), (((3, 12), (False, True, False, False)), 'West', 1)]",19,19,255,26,52,78
236,"((3, 10), (False, True, False, False))","((2, 10), (False, True, False, False))",'East',"[(((3, 11), (False, True, False, False)), 'North', 1), (((4, 10), (False, True, False, False)), 'East', 1), (((2, 10), (False, True, False, False)), 'West', 1)]",19,19,256,27,51,78
237,"((4, 11), (False, True, False, False))","((3, 11), (False, True, False, False))",'East',"[(((4, 12), (False, True, False, False)), 'North', 1), (((4, 10), (False, True, False, False)), 'South', 1), (((5, 11), (False, True, False, False)), 'East', 1), (((3, 11), (False, True, False, False)), 'West', 1)]",19,19,257,27,51,78
238,"((5, 12), (False, True, False, False))","((4, 12), (False, True, False, False))",'East',"[(((5, 11), (False, True, False, False)), 'South', 1), (((6, 12), (False, True, False, False)), 'East', 1), (((4, 12), (False, True, False, False)), 'West', 1)]",19,19,258,27,51,78
239,"((4, 10), (False, True, False, False))","((3, 10), (False, True, False, False))",'East',"[(((4, 11), (False, True, False, False)), 'North', 1), (((5, 10), (False, True, False, False)), 'East', 1), (((3, 10), (False, True, False, False)), 'West', 1)]",19,19,259,28,50,78
240,"((5, 11), (False, True, False, False))","((4, 11), (False, True, False, False))",'East',"[(((5, 12), (False, True, False, False)), 'North', 1), (((5, 10), (False, True, False, False)), 'South', 1), (((6, 11), (False, True, False, False)), 'East', 1), (((4, 11), (False, True, False, False)), 'West', 1)]",19,19,260,28,50,78
241,"((5, 10), (False, True, False, False))","((4, 10), (False, True, False, False))",'East',"[(((5, 11), (False, True, False, False)), 'North', 1), (((5, 9), (False, True, False, False)), 'South', 1), (((6, 10), (False, True, False, False)), 'East', 1), (((4, 10), (False, True, False, False)), 'West', 1)]",19,20,262,29,49,78
242,"((5, 9), (False, True, False, False))","((5, 10), (False, True, False, False))",'South',"[(((5, 10), (False, True, False, False)), 'North', 1), (((5, 8), (False, True, False, False)), 'South', 1)]",20,20,263,30,48,78
243,"((5, 8), (False, True, False, False))","((5, 9), (False, True, False, False))",'South',"[(((5, 9), (False, True, False, False)), 'North', 1), (((5, 7), (False, True, False, False)), 'South', 1)]",20,20,264,31,47,78
244,"((5, 7), (False, True, False, False))","((5, 8), (False, True, False, False))",'South',"[(((5, 8), (False, True, False, False)), 'North', 1), (((5, 6), (False, True, False, False)), 'South', 1)]",20,20,265,32,46,78
245,"((5, 6), (False, True, False, False))","((5, 7), (False, True, False, False))",'South',"[(((5, 7), (False, True, False, False)), 'North', 1), (((5, 5), (False, True, False, False)), 'South', 1), (((6, 6), (False, True, False, False)), 'East', 1), (((4, 6), (False, True, False, False)), 'West', 1)]",20,22,268,33,45,78
246,"((5, 5), (False, True, False, False))","((5, 6), (False, True, False, False))",'South',"[(((5, 6), (False, True, False, False)), 'North', 1), (((5, 4), (False, True, False, False)), 'South', 1)]",22,22,269,34,44,78
247,"((5, 4), (False, True, False, False))","((5, 5), (False, True, False, False))",'South',"[(((5, 5), (False, True, False, False)), 'North', 1), (((6, 4), (False, True, False, False)), 'East', 1), (((4, 4), (False, True, False, False)), 'West', 1)]",22,23,271,35,43,78
248,"((6, 4), (False, True, False, False))","((5, 4), (False, True, False, False))",'East',"[(((7, 4), (False, True, False, False)), 'East', 1), (((5, 4), (False, True, False, False)), 'West', 1)]",23,23,272,36,42,78
249,"((7, 4), (False, True, False, False))","((6, 4), (False, True, False, False))",'East',"[(((8, 4), (False, True, False, False)), 'East', 1), (((6, 4), (False, True, False, False)), 'West', 1)]",23,23,273,37,41,78
250,"((8, 4), (False, True, False, False))","((7, 4), (False, True, False, False))",'East',"[(((9, 4), (False, True, False, False)), 'East', 1), (((7, 4), (False, True, False, False)), 'West', 1)]",23,23,274,38,40,78
251,"((9, 4), (False, True, False, False))","((8, 4), (False, True, False, False))",'East',"[(((9, 3), (False, True, False, False)), 'South', 1), (((10, 4), (False, True, False, False)), 'East', 1), (((8, 4), (False, True, False, False)), 'West', 1)]",23,24,276,39,39,78
252,"((10, 4), (False, True, False, False))","((9, 4), (False, True, False, False))",'East',"[(((11, 4), (False, True, False, False)), 'East', 1), (((9, 4), (False, True, False, False)), 'West', 1)]",24,24,277,40,38,78
253,"((11, 4), (False, True, False, False))","((10, 4), (False, True, False, False))",'East',"[(((11, 3), (False, True, False, False)), 'South', 1), (((12, 4), (False, True, False, False)), 'East', 1), (((10, 4), (False, True, False, False)), 'West', 1)]",24,25,279,41,37,78
254,"((25, 4), (False, False, False, False))","((24, 4), (False, False, False, False))",'East',"[(((26, 4), (False, False, False, False)), 'East', 1), (((24, 4), (False, False, False, False)), 'West', 1)]",25,25,280,35,44,79
255,"((23, 4), (False, False, False, False))","((24, 4), (False, False, False, False))",'West',"[(((24, 4), (False, False, False, False)), 'East', 1), (((22, 4), (False, False, False, False)), 'West', 1)]",25,25,281,35,44,79
256,"((21, 12), (False, False, False, False))","((20, 12), (False, False, False, False))",'East',"[(((22, 12), (False, False, False, False)), 'East', 1), (((20, 12), (False, False, False, False)), 'West', 1)]",25,25,282,35,44,79
257,"((15, 12), (False, False, False, False))","((16, 12), (False, False, False, False))",'West',"[(((16, 12), (False, False, False, False)), 'East', 1), (((14, 12), (False, False, False, False)), 'West', 1)]",25,25,283,35,44,79
258,"((20, 6), (True, False, False, False))","((19, 6), (True, False, False, False))",'East',"[(((20, 7), (True, False, False, False)), 'North', 1), (((19, 6), (True, False, False, False)), 'West', 1)]",25,25,284,46,33,79
259,"((16, 6), (True, False, False, False))","((17, 6), (True, False, False, False))",'West',"[(((17, 6), (True, False, False, False)), 'East', 1)]",25,24,284,46,33,79
260,"((9, 6), (True, False, False, False))","((10, 6), (True, False, False, False))",'West',"[(((9, 7), (True, False, False, False)), 'North', 1), (((10, 6), (True, False, False, False)), 'East', 1)]",24,24,285,39,40,79
261,"((13, 8), (True, False, False, False))","((12, 8), (True, False, False, False))",'East',"[(((12, 8), (True, False, False, False)), 'West', 1)]",24,23,285,41,38,79
262,"((11, 12), (True, False, False, False))","((11, 11), (True, False, False, False))",'North',"[(((11, 11), (True, False, False, False)), 'South', 1)]",23,22,285,43,36,79
263,"((9, 10), (True, False, False, False))","((10, 10), (True, False, False, False))",'West',"[(((9, 11), (True, False, False, False)), 'North', 1), (((10, 10), (True, False, False, False)), 'East', 1)]",22,22,286,43,36,79
264,"((15, 9), (True, False, False, False))","((15, 10), (True, False, False, False))",'South',"[(((15, 10), (True, False, False, False)), 'North', 1), (((15, 8), (True, False, False, False)), 'South', 1)]",22,22,287,46,33,79
265,"((16, 10), (True, False, False, False))","((15, 10), (True, False, False, False))",'East',"[(((15, 10), (True, False, False, False)), 'West', 1)]",22,21,287,46,33,79
266,"((12, 4), (False, True, False, False))","((11, 4), (False, True, False, False))",'East',"[(((13, 4), (False, True, False, False)), 'East', 1), (((11, 4), (False, True, False, False)), 'West', 1)]",21,21,288,42,37,79
267,"((1, 8), (True, False, False, False))","((1, 7), (True, False, False, False))",'North',"[(((1, 7), (True, False, False, False)), 'South', 1), (((2, 8), (True, False, False, False)), 'East', 1)]",21,21,289,29,51,80
268,"((5, 10), (True, False, False, False))","((5, 9), (True, False, False, False))",'North',"[(((5, 11), (True, False, False, False)), 'North', 1), (((5, 9), (True, False, False, False)), 'South', 1), (((6, 10), (True, False, False, False)), 'East', 1), (((4, 10), (True, False, False, False)), 'West', 1)]",21,23,292,31,49,80
269,"((7, 8), (True, False, False, False))","((7, 7), (True, False, False, False))",'North',"[(((7, 7), (True, False, False, False)), 'South', 1)]",23,22,292,31,49,80
270,"((5, 2), (True, False, False, False))","((6, 2), (True, False, False, False))",'West',"[(((5, 1), (True, False, False, False)), 'South', 1), (((6, 2), (True, False, False, False)), 'East', 1)]",22,22,293,35,45,80
271,"((6, 12), (False, True, False, False))","((5, 12), (False, True, False, False))",'East',"[(((6, 11), (False, True, False, False)), 'South', 1), (((7, 12), (False, True, False, False)), 'East', 1), (((5, 12), (False, True, False, False)), 'West', 1)]",22,22,294,28,52,80
272,"((6, 11), (False, True, False, False))","((5, 11), (False, True, False, False))",'East',"[(((6, 12), (False, True, False, False)), 'North', 1), (((6, 10), (False, True, False, False)), 'South', 1), (((7, 11), (False, True, False, False)), 'East', 1), (((5, 11), (False, True, False, False)), 'West', 1)]",22,22,295,29,51,80
273,"((6, 10), (False, True, False, False))","((5, 10), (False, True, False, False))",'East',"[(((6, 11), (False, True, False, False)), 'North', 1), (((7, 10), (False, True, False, False)), 'East', 1), (((5, 10), (False, True, False, False)), 'West', 1)]",22,22,296,30,50,80
274,"((6, 6), (False, True, False, False))","((5, 6), (False, True, False, False))",'East',"[(((7, 6), (False, True, False, False)), 'East', 1), (((5, 6), (False, True, False, False)), 'West', 1)]",22,22,297,34,46,80
275,"((4, 6), (False, True, False, False))","((5, 6), (False, True, False, False))",'West',"[(((5, 6), (False, True, False, False)), 'East', 1), (((3, 6), (False, True, False, False)), 'West', 1)]",22,22,298,34,46,80
276,"((4, 4), (False, True, False, False))","((5, 4), (False, True, False, False))",'West',"[(((5, 4), (False, True, False, False)), 'East', 1), (((3, 4), (False, True, False, False)), 'West', 1)]",22,22,299,36,44,80
277,"((9, 3), (False, True, False, False))","((9, 4), (False, True, False, False))",'South',"[(((9, 4), (False, True, False, False)), 'North', 1), (((9, 2), (False, True, False, False)), 'South', 1)]",22,22,300,40,40,80
278,"((11, 3), (False, True, False, False))","((11, 4), (False, True, False, False))",'South',"[(((11, 4), (False, True, False, False)), 'North', 1), (((11, 2), (False, True, False, False)), 'South', 1)]",22,22,301,42,38,80
279,"((26, 4), (False, False, False, False))","((25, 4), (False, False, False, False))",'East',"[(((26, 5), (False, False, False, False)), 'North', 1), (((26, 3), (False, False, False, False)), 'South', 1), (((25, 4), (False, False, False, False)), 'West', 1)]",22,23,303,36,45,81
280,"((22, 4), (False, False, False, False))","((23, 4), (False, False, False, False))",'West',"[(((22, 5), (False, False, False, False)), 'North', 1), (((22, 3), (False, False, False, False)), 'South', 1), (((23, 4), (False, False, False, False)), 'East', 1)]",23,24,305,36,45,81
281,"((22, 12), (False, False, False, False))","((21, 12), (False, False, False, False))",'East',"[(((23, 12), (False, False, False, False)), 'East', 1), (((21, 12), (False, False, False, False)), 'West', 1)]",24,24,306,36,45,81
282,"((14, 12), (False, False, False, False))","((15, 12), (False, False, False, False))",'West',"[(((15, 12), (False, False, False, False)), 'East', 1), (((13, 12), (False, False, False, False)), 'West', 1)]",24,24,307,36,45,81
283,"((20, 7), (True, False, False, False))","((20, 6), (True, False, False, False))",'North',"[(((20, 8), (True, False, False, False)), 'North', 1), (((20, 6), (True, False, False, False)), 'South', 1)]",24,24,308,47,34,81
284,"((9, 7), (True, False, False, False))","((9, 6), (True, False, False, False))",'North',"[(((9, 8), (True, False, False, False)), 'North', 1), (((9, 6), (True, False, False, False)), 'South', 1)]",24,24,309,40,41,81
285,"((9, 11), (True, False, False, False))","((9, 10), (True, False, False, False))",'North',"[(((9, 12), (True, False, False, False)), 'North', 1), (((9, 10), (True, False, False, False)), 'South', 1)]",24,24,310,44,37,81
286,"((15, 8), (True, False, False, False))","((15, 9), (True, False, False, False))",'South',"[(((15, 9), (True, False, False, False)), 'North', 1), (((16, 8), (True, False, False, False)), 'East', 1)]",24,24,311,47,34,81
287,"((13, 4), (False, True, False, False))","((12, 4), (False, True, False, False))",'East',"[(((13, 5), (False, True, False, False)), 'North', 1), (((12, 4), (False, True, False, False)), 'West', 1)]",24,24,312,43,38,81
288,"((2, 8), (True, False, False, False))","((1, 8), (True, False, False, False))",'East',"[(((3, 8), (True, False, False, False)), 'East', 1), (((1, 8), (True, False, False, False)), 'West', 1)]",24,24,313,30,52,82
289,"((5, 11), (True, False, False, False))","((5, 10), (True, False, False, False))",'North',"[(((5, 12), (True, False, False, False)), 'North', 1), (((5, 10), (True, False, False, False)), 'South', 1), (((6, 11), (True, False, False, False)), 'East', 1), (((4, 11), (True, False, False, False)), 'West', 1)]",24,26,316,32,50,82
290,"((6, 10), (True, False, False, False))","((5, 10), (True, False, False, False))",'East',"[(((6, 11), (True, False, False, False)), 'North', 1), (((7, 10), (True, False, False, False)), 'East', 1), (((5, 10), (True, False, False, False)), 'West', 1)]",26,26,317,32,50,82
291,"((4, 10), (True, False, False, False))","((5, 10), (True, False, False, False))",'West',"[(((4, 11), (True, False, False, False)), 'North', 1), (((5, 10), (True, False, False, False)), 'East', 1), (((3, 10), (True, False, False, False)), 'West', 1)]",26,26,318,32,50,82
292,"((5, 1), (True, False, False, False))","((5, 2), (True, False, False, False))",'South',"[(((5, 2), (True, False, False, False)), 'North', 1)]",26,25,318,36,46,82
293,"((7, 12), (False, True, False, False))","((6, 12), (False, True, False, False))",'East',"[(((7, 11), (False, True, False, False)), 'South', 1), (((6, 12), (False, True, False, False)), 'West', 1)]",25,24,318,29,53,82
294,"((7, 11), (False, True, False, False))","((6, 11), (False, True, False, False))",'East',"[(((7, 12), (False, True, False, False)), 'North', 1), (((7, 10), (False, True, False, False)), 'South', 1), (((6, 11), (False, True, False, False)), 'West', 1)]",24,23,318,30,52,82
295,"((7, 10), (False, True, False, False))","((6, 10), (False, True, False, False))",'East',"[(((7, 11), (False, True, False, False)), 'North', 1), (((6, 10), (False, True, False, False)), 'West', 1)]",23,22,318,31,51,82
296,"((7, 6), (False, True, False, False))","((6, 6), (False, True, False, False))",'East',"[(((7, 7), (False, True, False, False)), 'North', 1), (((6, 6), (False, True, False, False)), 'West', 1)]",22,22,319,35,47,82
297,"((3, 6), (False, True, False, False))","((4, 6), (False, True, False, False))",'West',"[(((3, 5), (False, True, False, False)), 'South', 1), (((4, 6), (False, True, False, False)), 'East', 1), (((2, 6), (False, True, False, False)), 'West', 1)]",22,23,321,35,47,82
298,"((3, 4), (False, True, False, False))","((4, 4), (False, True, False, False))",'West',"[(((3, 5), (False, True, False, False)), 'North', 1), (((3, 3), (False, True, False, False)), 'South', 1), (((4, 4), (False, True, False, False)), 'East', 1)]",23,23,322,37,45,82
299,"((9, 2), (False, True, False, False))","((9, 3), (False, True, False, False))",'South',"[(((9, 3), (False, True, False, False)), 'North', 1), (((8, 2), (False, True, False, False)), 'West', 1)]",23,23,323,41,41,82
300,"((11, 2), (False, True, False, False))","((11, 3), (False, True, False, False))",'South',"[(((11, 3), (False, True, False, False)), 'North', 1), (((11, 1), (False, True, False, False)), 'South', 1), (((12, 2), (False, True, False, False)), 'East', 1)]",23,24,325,43,39,82
301,"((3, 5), (False, True, False, False))","((3, 6), (False, True, False, False))",'South',"[(((3, 6), (False, True, False, False)), 'North', 1), (((3, 4), (False, True, False, False)), 'South', 1)]",24,23,325,36,46,82
302,"((12, 2), (False, True, False, False))","((11, 2), (False, True, False, False))",'East',"[(((12, 1), (False, True, False, False)), 'South', 1), (((13, 2), (False, True, False, False)), 'East', 1), (((11, 2), (False, True, False, False)), 'West', 1)]",23,24,327,44,38,82
303,"((13, 2), (False, True, False, False))","((12, 2), (False, True, False, False))",'East',"[(((13, 1), (False, True, False, False)), 'South', 1), (((14, 2), (False, True, False, False)), 'East', 1), (((12, 2), (False, True, False, False)), 'West', 1)]",24,25,329,45,37,82
304,"((14, 2), (False, True, False, False))","((13, 2), (False, True, False, False))",'East',"[(((14, 1), (False, True, False, False)), 'South', 1), (((15, 2), (False, True, False, False)), 'East', 1), (((13, 2), (False, True, False, False)), 'West', 1)]",25,26,331,46,36,82
305,"((15, 2), (False, True, False, False))","((14, 2), (False, True, False, False))",'East',"[(((15, 1), (False, True, False, False)), 'South', 1), (((16, 2), (False, True, False, False)), 'East', 1), (((14, 2), (False, True, False, False)), 'West', 1)]",26,27,333,47,35,82
306,"((16, 2), (False, True, False, False))","((15, 2), (False, True, False, False))",'East',"[(((16, 3), (False, True, False, False)), 'North', 1), (((16, 1), (False, True, False, False)), 'South', 1), (((15, 2), (False, True, False, False)), 'West', 1)]",27,28,335,48,34,82
307,"((16, 3), (False, True, False, False))","((16, 2), (False, True, False, False))",'North',"[(((16, 4), (False, True, False, False)), 'North', 1), (((16, 2), (False, True, False, False)), 'South', 1)]",28,28,336,49,33,82
308,"((16, 4), (False, True, False, False))","((16, 3), (False, True, False, False))",'North',"[(((16, 3), (False, True, False, False)), 'South', 1), (((17, 4), (False, True, False, False)), 'East', 1)]",28,28,337,50,32,82
309,"((17, 4), (False, True, False, False))","((16, 4), (False, True, False, False))",'East',"[(((18, 4), (False, True, False, False)), 'East', 1), (((16, 4), (False, True, False, False)), 'West', 1)]",28,28,338,51,31,82
310,"((18, 4), (False, True, False, False))","((17, 4), (False, True, False, False))",'East',"[(((18, 5), (False, True, False, False)), 'North', 1), (((18, 3), (False, True, False, False)), 'South', 1), (((19, 4), (False, True, False, False)), 'East', 1), (((17, 4), (False, True, False, False)), 'West', 1)]",28,30,341,52,30,82
311,"((18, 5), (False, True, False, False))","((18, 4), (False, True, False, False))",'North',"[(((18, 6), (False, True, False, False)), 'North', 1), (((18, 4), (False, True, False, False)), 'South', 1)]",30,30,342,53,29,82
312,"((18, 6), (False, True, False, False))","((18, 5), (False, True, False, False))",'North',"[(((18, 5), (False, True, False, False)), 'South', 1), (((19, 6), (False, True, False, False)), 'East', 1), (((17, 6), (False, True, False, False)), 'West', 1)]",30,31,344,54,28,82
313,"((19, 6), (False, True, False, False))","((18, 6), (False, True, False, False))",'East',"[(((20, 6), (False, True, False, False)), 'East', 1), (((18, 6), (False, True, False, False)), 'West', 1)]",31,31,345,55,27,82
314,"((26, 5), (False, False, False, False))","((26, 4), (False, False, False, False))",'North',"[(((26, 6), (False, False, False, False)), 'North', 1), (((26, 4), (False, False, False, False)), 'South', 1)]",31,31,346,37,46,83
315,"((26, 3), (False, False, False, False))","((26, 4), (False, False, False, False))",'South',"[(((26, 4), (False, False, False, False)), 'North', 1)]",31,30,346,37,46,83
316,"((22, 5), (False, False, False, False))","((22, 4), (False, False, False, False))",'North',"[(((22, 6), (False, False, False, False)), 'North', 1), (((22, 4), (False, False, False, False)), 'South', 1)]",30,30,347,37,46,83
317,"((22, 3), (False, False, False, False))","((22, 4), (False, False, False, False))",'South',"[(((22, 4), (False, False, False, False)), 'North', 1), (((22, 2), (False, False, False, False)), 'South', 1)]",30,30,348,37,46,83
318,"((23, 12), (False, False, False, False))","((22, 12), (False, False, False, False))",'East',"[(((24, 12), (False, False, False, False)), 'East', 1), (((22, 12), (False, False, False, False)), 'West', 1)]",30,30,349,37,46,83
319,"((13, 12), (False, False, False, False))","((14, 12), (False, False, False, False))",'West',"[(((14, 12), (False, False, False, False)), 'East', 1)]",30,29,349,37,46,83
320,"((20, 8), (True, False, False, False))","((20, 7), (True, False, False, False))",'North',"[(((20, 7), (True, False, False, False)), 'South', 1), (((21, 8), (True, False, False, False)), 'East', 1)]",29,29,350,48,35,83
321,"((9, 8), (True, False, False, False))","((9, 7), (True, False, False, False))",'North',"[(((9, 7), (True, False, False, False)), 'South', 1)]",29,28,350,41,42,83
322,"((9, 12), (True, False, False, False))","((9, 11), (True, False, False, False))",'North',"[(((9, 11), (True, False, False, False)), 'South', 1)]",28,27,350,45,38,83
323,"((16, 8), (True, False, False, False))","((15, 8), (True, False, False, False))",'East',"[(((17, 8), (True, False, False, False)), 'East', 1), (((15, 8), (True, False, False, False)), 'West', 1)]",27,27,351,48,35,83
324,"((13, 5), (False, True, False, False))","((13, 4), (False, True, False, False))",'North',"[(((13, 6), (False, True, False, False)), 'North', 1), (((13, 4), (False, True, False, False)), 'South', 1)]",27,27,352,44,39,83
325,"((3, 8), (True, False, False, False))","((2, 8), (True, False, False, False))",'East',"[(((2, 8), (True, False, False, False)), 'West', 1)]",27,26,352,31,53,84
326,"((5, 12), (True, False, False, False))","((5, 11), (True, False, False, False))",'North',"[(((5, 11), (True, False, False, False)), 'South', 1), (((6, 12), (True, False, False, False)), 'East', 1), (((4, 12), (True, False, False, False)), 'West', 1)]",26,27,354,33,51,84
327,"((6, 11), (True, False, False, False))","((5, 11), (True, False, False, False))",'East',"[(((6, 12), (True, False, False, False)), 'North', 1), (((6, 10), (True, False, False, False)), 'South', 1), (((7, 11), (True, False, False, False)), 'East', 1), (((5, 11), (True, False, False, False)), 'West', 1)]",27,27,355,33,51,84
328,"((4, 11), (True, False, False, False))","((5, 11), (True, False, False, False))",'West',"[(((4, 12), (True, False, False, False)), 'North', 1), (((4, 10), (True, False, False, False)), 'South', 1), (((5, 11), (True, False, False, False)), 'East', 1), (((3, 11), (True, False, False, False)), 'West', 1)]",27,27,356,33,51,84
329,"((7, 10), (True, False, False, False))","((6, 10), (True, False, False, False))",'East',"[(((7, 11), (True, False, False, False)), 'North', 1), (((6, 10), (True, False, False, False)), 'West', 1)]",27,26,356,33,51,84
330,"((3, 10), (True, False, False, False))","((4, 10), (True, False, False, False))",'West',"[(((3, 11), (True, False, False, False)), 'North', 1), (((4, 10), (True, False, False, False)), 'East', 1), (((2, 10), (True, False, False, False)), 'West', 1)]",26,26,357,33,51,84
331,"((7, 7), (False, True, False, False))","((7, 6), (False, True, False, False))",'North',"[(((7, 8), (False, True, False, False)), 'North', 1), (((7, 6), (False, True, False, False)), 'South', 1)]",26,26,358,36,48,84
332,"((2, 6), (False, True, False, False))","((3, 6), (False, True, False, False))",'West',"[(((3, 6), (False, True, False, False)), 'East', 1), (((1, 6), (False, True, False, False)), 'West', 1)]",26,26,359,36,48,84
333,"((3, 3), (False, True, False, False))","((3, 4), (False, True, False, False))",'South',"[(((3, 4), (False, True, False, False)), 'North', 1), (((3, 2), (False, True, False, False)), 'South', 1)]",26,26,360,38,46,84
334,"((8, 2), (False, True, False, False))","((9, 2), (False, True, False, False))",'West',"[(((9, 2), (False, True, False, False)), 'East', 1), (((7, 2), (False, True, False, False)), 'West', 1)]",26,26,361,42,42,84
335,"((11, 1), (False, True, False, False))","((11, 2), (False, True, False, False))",'South',"[(((11, 2), (False, True, False, False)), 'North', 1), (((12, 1), (False, True, False, False)), 'East', 1)]",26,25,361,44,40,84
336,"((12, 1), (False, True, False, False))","((12, 2), (False, True, False, False))",'South',"[(((12, 2), (False, True, False, False)), 'North', 1), (((13, 1), (False, True, False, False)), 'East', 1), (((11, 1), (False, True, False, False)), 'West', 1)]",25,24,361,45,39,84
337,"((13, 1), (False, True, False, False))","((13, 2), (False, True, False, False))",'South',"[(((13, 2), (False, True, False, False)), 'North', 1), (((14, 1), (False, True, False, False)), 'East', 1), (((12, 1), (False, True, False, False)), 'West', 1)]",24,23,361,46,38,84
338,"((14, 1), (False, True, False, False))","((14, 2), (False, True, False, False))",'South',"[(((14, 2), (False, True, False, False)), 'North', 1), (((15, 1), (False, True, False, False)), 'East', 1), (((13, 1), (False, True, False, False)), 'West', 1)]",23,22,361,47,37,84
339,"((15, 1), (False, True, False, False))","((15, 2), (False, True, False, False))",'South',"[(((15, 2), (False, True, False, False)), 'North', 1), (((16, 1), (False, True, False, False)), 'East', 1), (((14, 1), (False, True, False, False)), 'West', 1)]",22,21,361,48,36,84
340,"((16, 1), (False, True, False, False))","((16, 2), (False, True, False, False))",'South',"[(((16, 2), (False, True, False, False)), 'North', 1), (((15, 1), (False, True, False, False)), 'West', 1)]",21,20,361,49,35,84
341,"((18, 3), (False, True, False, False))","((18, 4), (False, True, False, False))",'South',"[(((18, 4), (False, True, False, False)), 'North', 1), (((18, 2), (False, True, False, False)), 'South', 1)]",20,20,362,53,31,84
342,"((19, 4), (False, True, False, False))","((18, 4), (False, True, False, False))",'East',"[(((20, 4), (False, True, False, False)), 'East', 1), (((18, 4), (False, True, False, False)), 'West', 1)]",20,20,363,53,31,84
343,"((17, 6), (False, True, False, False))","((18, 6), (False, True, False, False))",'West',"[(((18, 6), (False, True, False, False)), 'East', 1), (((16, 6), (False, True, False, False)), 'West', 1)]",20,20,364,55,29,84
344,"((20, 6), (False, True, False, False))","((19, 6), (False, True, False, False))",'East',"[(((20, 7), (False, True, False, False)), 'North', 1), (((19, 6), (False, True, False, False)), 'West', 1)]",20,20,365,56,28,84
345,"((26, 6), (False, False, False, False))","((26, 5), (False, False, False, False))",'North',"[(((26, 5), (False, False, False, False)), 'South', 1), (((27, 6), (False, False, False, False)), 'East', 1)]",20,20,366,38,47,85
346,"((22, 6), (False, False, False, False))","((22, 5), (False, False, False, False))",'North',"[(((22, 5), (False, False, False, False)), 'South', 1)]",20,19,366,38,47,85
347,"((22, 2), (False, False, False, False))","((22, 3), (False, False, False, False))",'South',"[(((22, 3), (False, False, False, False)), 'North', 1), (((22, 1), (False, False, False, False)), 'South', 1), (((21, 2), (False, False, False, False)), 'West', 1)]",19,20,368,38,47,85
348,"((24, 12), (False, False, False, False))","((23, 12), (False, False, False, False))",'East',"[(((25, 12), (False, False, False, False)), 'East', 1), (((23, 12), (False, False, False, False)), 'West', 1)]",20,20,369,38,47,85
349,"((21, 8), (True, False, False, False))","((20, 8), (True, False, False, False))",'East',"[(((22, 8), (True, False, False, False)), 'East', 1), (((20, 8), (True, False, False, False)), 'West', 1)]",20,20,370,49,36,85
350,"((17, 8), (True, False, False, False))","((16, 8), (True, False, False, False))",'East',"[(((18, 8), (True, False, False, False)), 'East', 1), (((16, 8), (True, False, False, False)), 'West', 1)]",20,20,371,49,36,85
351,"((13, 6), (False, True, False, False))","((13, 5), (False, True, False, False))",'North',"[(((13, 5), (False, True, False, False)), 'South', 1), (((12, 6), (False, True, False, False)), 'West', 1)]",20,20,372,45,40,85
352,"((12, 6), (False, True, False, False))","((13, 6), (False, True, False, False))",'West',"[(((13, 6), (False, True, False, False)), 'East', 1), (((11, 6), (False, True, False, False)), 'West', 1)]",20,20,373,46,39,85
353,"((11, 6), (False, True, False, False))","((12, 6), (False, True, False, False))",'West',"[(((11, 7), (False, True, False, False)), 'North', 1), (((12, 6), (False, True, False, False)), 'East', 1), (((10, 6), (False, True, False, False)), 'West', 1)]",20,21,375,47,38,85
354,"((11, 7), (False, True, False, False))","((11, 6), (False, True, False, False))",'North',"[(((11, 8), (False, True, False, False)), 'North', 1), (((11, 6), (False, True, False, False)), 'South', 1)]",21,21,376,48,37,85
355,"((11, 8), (False, True, False, False))","((11, 7), (False, True, False, False))",'North',"[(((11, 9), (False, True, False, False)), 'North', 1), (((11, 7), (False, True, False, False)), 'South', 1), (((12, 8), (False, True, False, False)), 'East', 1)]",21,22,378,49,36,85
356,"((11, 9), (False, True, False, False))","((11, 8), (False, True, False, False))",'North',"[(((11, 10), (False, True, False, False)), 'North', 1), (((11, 8), (False, True, False, False)), 'South', 1)]",22,22,379,50,35,85
357,"((11, 10), (False, True, False, False))","((11, 9), (False, True, False, False))",'North',"[(((11, 11), (False, True, False, False)), 'North', 1), (((11, 9), (False, True, False, False)), 'South', 1), (((12, 10), (False, True, False, False)), 'East', 1), (((10, 10), (False, True, False, False)), 'West', 1)]",22,24,382,51,34,85
358,"((12, 10), (False, True, False, False))","((11, 10), (False, True, False, False))",'East',"[(((13, 10), (False, True, False, False)), 'East', 1), (((11, 10), (False, True, False, False)), 'West', 1)]",24,24,383,52,33,85
359,"((13, 10), (False, True, False, False))","((12, 10), (False, True, False, False))",'East',"[(((14, 10), (False, True, False, False)), 'East', 1), (((12, 10), (False, True, False, False)), 'West', 1)]",24,24,384,53,32,85
360,"((14, 10), (False, True, False, False))","((13, 10), (False, True, False, False))",'East',"[(((15, 10), (False, True, False, False)), 'East', 1), (((13, 10), (False, True, False, False)), 'West', 1)]",24,24,385,54,31,85
361,"((15, 10), (False, True, False, False))","((14, 10), (False, True, False, False))",'East',"[(((15, 9), (False, True, False, False)), 'South', 1), (((16, 10), (False, True, False, False)), 'East', 1), (((14, 10), (False, True, False, False)), 'West', 1)]",24,25,387,55,30,85
362,"((15, 9), (False, True, False, False))","((15, 10), (False, True, False, False))",'South',"[(((15, 10), (False, True, False, False)), 'North', 1), (((15, 8), (False, True, False, False)), 'South', 1)]",25,25,388,56,29,85
363,"((6, 12), (True, False, False, False))","((5, 12), (True, False, False, False))",'East',"[(((6, 11), (True, False, False, False)), 'South', 1), (((7, 12), (True, False, False, False)), 'East', 1), (((5, 12), (True, False, False, False)), 'West', 1)]",25,25,389,34,52,86
364,"((4, 12), (True, False, False, False))","((5, 12), (True, False, False, False))",'West',"[(((4, 11), (True, False, False, False)), 'South', 1), (((5, 12), (True, False, False, False)), 'East', 1), (((3, 12), (True, False, False, False)), 'West', 1)]",25,25,390,34,52,86
365,"((7, 11), (True, False, False, False))","((6, 11), (True, False, False, False))",'East',"[(((7, 12), (True, False, False, False)), 'North', 1), (((7, 10), (True, False, False, False)), 'South', 1), (((6, 11), (True, False, False, False)), 'West', 1)]",25,24,390,34,52,86
366,"((3, 11), (True, False, False, False))","((4, 11), (True, False, False, False))",'West',"[(((3, 12), (True, False, False, False)), 'North', 1), (((3, 10), (True, False, False, False)), 'South', 1), (((4, 11), (True, False, False, False)), 'East', 1), (((2, 11), (True, False, False, False)), 'West', 1)]",24,24,391,34,52,86
367,"((2, 10), (True, False, False, False))","((3, 10), (True, False, False, False))",'West',"[(((2, 11), (True, False, False, False)), 'North', 1), (((3, 10), (True, False, False, False)), 'East', 1), (((1, 10), (True, False, False, False)), 'West', 1)]",24,24,392,34,52,86
368,"((7, 8), (False, True, False, False))","((7, 7), (False, True, False, False))",'North',"[(((7, 7), (False, True, False, False)), 'South', 1)]",24,23,392,37,49,86
369,"((1, 6), (False, True, False, False))","((2, 6), (False, True, False, False))",'West',"[(((1, 7), (False, True, False, False)), 'North', 1), (((2, 6), (False, True, False, False)), 'East', 1)]",23,23,393,37,49,86
370,"((3, 2), (False, True, False, False))","((3, 3), (False, True, False, False))",'South',"[(((3, 3), (False, True, False, False)), 'North', 1), (((3, 1), (False, True, False, False)), 'South', 1), (((2, 2), (False, True, False, False)), 'West', 1)]",23,24,395,39,47,86
371,"((7, 2), (False, True, False, False))","((8, 2), (False, True, False, False))",'West',"[(((8, 2), (False, True, False, False)), 'East', 1), (((6, 2), (False, True, False, False)), 'West', 1)]",24,24,396,43,43,86
372,"((18, 2), (False, True, False, False))","((18, 3), (False, True, False, False))",'South',"[(((18, 3), (False, True, False, False)), 'North', 1), (((18, 1), (False, True, False, False)), 'South', 1)]",24,24,397,54,32,86
373,"((20, 4), (False, True, False, False))","((19, 4), (False, True, False, False))",'East',"[(((19, 4), (False, True, False, False)), 'West', 1)]",24,23,397,54,32,86
374,"((16, 6), (False, True, False, False))","((17, 6), (False, True, False, False))",'West',"[(((17, 6), (False, True, False, False)), 'East', 1)]",23,22,397,56,30,86
375,"((20, 7), (False, True, False, False))","((20, 6), (False, True, False, False))",'North',"[(((20, 8), (False, True, False, False)), 'North', 1), (((20, 6), (False, True, False, False)), 'South', 1)]",22,22,398,57,29,86
376,"((15, 8), (False, True, False, False))","((15, 9), (False, True, False, False))",'South',"[(((15, 9), (False, True, False, False)), 'North', 1), (((16, 8), (False, True, False, False)), 'East', 1)]",22,22,399,57,29,86
377,"((27, 6), (False, False, False, False))","((26, 6), (False, False, False, False))",'East',"[(((28, 6), (False, False, False, False)), 'East', 1), (((26, 6), (False, False, False, False)), 'West', 1)]",22,22,400,39,48,87
378,"((22, 1), (False, False, False, False))","((22, 2), (False, False, False, False))",'South',"[(((22, 2), (False, False, False, False)), 'North', 1)]",22,21,400,39,48,87
379,"((21, 2), (False, False, False, False))","((22, 2), (False, False, False, False))",'West',"[(((22, 2), (False, False, False, False)), 'East', 1), (((20, 2), (False, False, False, False)), 'West', 1)]",21,21,401,39,48,87
380,"((25, 12), (False, False, False, False))","((24, 12), (False, False, False, False))",'East',"[(((26, 12), (False, False, False, False)), 'East', 1), (((24, 12), (False, False, False, False)), 'West', 1)]",21,21,402,39,48,87
381,"((22, 8), (True, False, False, False))","((21, 8), (True, False, False, False))",'East',"[(((23, 8), (True, False, False, False)), 'East', 1), (((21, 8), (True, False, False, False)), 'West', 1)]",21,21,403,50,37,87
382,"((18, 8), (True, False, False, False))","((17, 8), (True, False, False, False))",'East',"[(((18, 9), (True, False, False, False)), 'North', 1), (((17, 8), (True, False, False, False)), 'West', 1)]",21,21,404,50,37,87
383,"((10, 6), (False, True, False, False))","((11, 6), (False, True, False, False))",'West',"[(((11, 6), (False, True, False, False)), 'East', 1), (((9, 6), (False, True, False, False)), 'West', 1)]",21,21,405,48,39,87
384,"((12, 8), (False, True, False, False))","((11, 8), (False, True, False, False))",'East',"[(((13, 8), (False, True, False, False)), 'East', 1), (((11, 8), (False, True, False, False)), 'West', 1)]",21,21,406,50,37,87
385,"((11, 11), (False, True, False, False))","((11, 10), (False, True, False, False))",'North',"[(((11, 12), (False, True, False, False)), 'North', 1), (((11, 10), (False, True, False, False)), 'South', 1)]",21,21,407,52,35,87
386,"((10, 10), (False, True, False, False))","((11, 10), (False, True, False, False))",'West',"[(((11, 10), (False, True, False, False)), 'East', 1), (((9, 10), (False, True, False, False)), 'West', 1)]",21,21,408,52,35,87
387,"((16, 10), (False, True, False, False))","((15, 10), (False, True, False, False))",'East',"[(((15, 10), (False, True, False, False)), 'West', 1)]",21,20,408,56,31,87
388,"((7, 12), (True, False, False, False))","((6, 12), (True, False, False, False))",'East',"[(((7, 11), (True, False, False, False)), 'South', 1), (((6, 12), (True, False, False, False)), 'West', 1)]",20,19,408,35,53,88
389,"((3, 12), (True, False, False, False))","((4, 12), (True, False, False, False))",'West',"[(((3, 11), (True, False, False, False)), 'South', 1), (((4, 12), (True, False, False, False)), 'East', 1), (((2, 12), (True, False, False, False)), 'West', 1)]",19,19,409,35,53,88
390,"((2, 11), (True, False, False, False))","((3, 11), (True, False, False, False))",'West',"[(((2, 12), (True, False, False, False)), 'North', 1), (((2, 10), (True, False, False, False)), 'South', 1), (((3, 11), (True, False, False, False)), 'East', 1), (((1, 11), (True, False, False, False)), 'West', 1)]",19,19,410,35,53,88
391,"((1, 10), (True, False, False, False))","((2, 10), (True, False, False, False))",'West',"[(((1, 11), (True, False, False, False)), 'North', 1), (((2, 10), (True, False, False, False)), 'East', 1)]",19,18,410,35,53,88
392,"((1, 7), (False, True, False, False))","((1, 6), (False, True, False, False))",'North',"[(((1, 8), (False, True, False, False)), 'North', 1), (((1, 6), (False, True, False, False)), 'South', 1)]",18,18,411,38,50,88
393,"((3, 1), (False, True, False, False))","((3, 2), (False, True, False, False))",'South',"[(((3, 2), (False, True, False, False)), 'North', 1), (((2, 1), (False, True, False, False)), 'West', 1)]",18,18,412,40,48,88
394,"((2, 2), (False, True, False, False))","((3, 2), (False, True, False, False))",'West',"[(((2, 1), (False, True, False, False)), 'South', 1), (((3, 2), (False, True, False, False)), 'East', 1), (((1, 2), (False, True, False, False)), 'West', 1)]",18,18,413,40,48,88
395,"((6, 2), (False, True, False, False))","((7, 2), (False, True, False, False))",'West',"[(((7, 2), (False, True, False, False)), 'East', 1), (((5, 2), (False, True, False, False)), 'West', 1)]",18,18,414,44,44,88
396,"((18, 1), (False, True, False, False))","((18, 2), (False, True, False, False))",'South',"[(((18, 2), (False, True, False, False)), 'North', 1)]",18,17,414,55,33,88
397,"((20, 8), (False, True, False, False))","((20, 7), (False, True, False, False))",'North',"[(((20, 7), (False, True, False, False)), 'South', 1), (((21, 8), (False, True, False, False)), 'East', 1)]",17,17,415,58,30,88
398,"((16, 8), (False, True, False, False))","((15, 8), (False, True, False, False))",'East',"[(((17, 8), (False, True, False, False)), 'East', 1), (((15, 8), (False, True, False, False)), 'West', 1)]",17,17,416,58,30,88
399,"((28, 6), (False, False, False, False))","((27, 6), (False, False, False, False))",'East',"[(((28, 7), (False, False, False, False)), 'North', 1), (((28, 5), (False, False, False, False)), 'South', 1), (((27, 6), (False, False, False, False)), 'West', 1)]",17,18,418,40,49,89
400,"((20, 2), (False, False, False, False))","((21, 2), (False, False, False, False))",'West',"[(((21, 2), (False, False, False, False)), 'East', 1)]",18,17,418,40,49,89
401,"((26, 12), (False, False, False, False))","((25, 12), (False, False, False, False))",'East',"[(((26, 11), (False, False, False, False)), 'South', 1), (((25, 12), (False, False, False, False)), 'West', 1)]",17,17,419,40,49,89
402,"((23, 8), (True, False, False, False))","((22, 8), (True, False, False, False))",'East',"[(((24, 8), (True, False, False, False)), 'East', 1), (((22, 8), (True, False, False, False)), 'West', 1)]",17,17,420,51,38,89
403,"((18, 9), (True, False, False, False))","((18, 8), (True, False, False, False))",'North',"[(((18, 10), (True, False, False, False)), 'North', 1), (((18, 8), (True, False, False, False)), 'South', 1)]",17,17,421,51,38,89
404,"((9, 6), (False, True, False, False))","((10, 6), (False, True, False, False))",'West',"[(((9, 7), (False, True, False, False)), 'North', 1), (((10, 6), (False, True, False, False)), 'East', 1)]",17,17,422,49,40,89
405,"((13, 8), (False, True, False, False))","((12, 8), (False, True, False, False))",'East',"[(((12, 8), (False, True, False, False)), 'West', 1)]",17,16,422,51,38,89
406,"((11, 12), (False, True, False, False))","((11, 11), (False, True, False, False))",'North',"[(((11, 11), (False, True, False, False)), 'South', 1)]",16,15,422,53,36,89
407,"((9, 10), (False, True, False, False))","((10, 10), (False, True, False, False))",'West',"[(((9, 11), (False, True, False, False)), 'North', 1), (((10, 10), (False, True, False, False)), 'East', 1)]",15,15,423,53,36,89
408,"((2, 12), (True, False, False, False))","((3, 12), (True, False, False, False))",'West',"[(((2, 11), (True, False, False, False)), 'South', 1), (((3, 12), (True, False, False, False)), 'East', 1), (((1, 12), (True, True, False, False)), 'West', 1)]",15,15,424,36,54,90
409,"((1, 11), (True, False, False, False))","((2, 11), (True, False, False, False))",'West',"[(((1, 12), (True, True, False, False)), 'North', 1), (((1, 10), (True, False, False, False)), 'South', 1), (((2, 11), (True, False, False, False)), 'East', 1)]",15,14,424,36,54,90
410,"((1, 8), (False, True, False, False))","((1, 7), (False, True, False, False))",'North',"[(((1, 7), (False, True, False, False)), 'South', 1), (((2, 8), (False, True, False, False)), 'East', 1)]",14,14,425,39,51,90
411,"((2, 1), (False, True, False, False))","((3, 1), (False, True, False, False))",'West',"[(((2, 2), (False, True, False, False)), 'North', 1), (((3, 1), (False, True, False, False)), 'East', 1), (((1, 1), (True, True, False, False)), 'West', 1)]",14,14,426,41,49,90
412,"((1, 2), (False, True, False, False))","((2, 2), (False, True, False, False))",'West',"[(((1, 3), (False, True, False, False)), 'North', 1), (((1, 1), (True, True, False, False)), 'South', 1), (((2, 2), (False, True, False, False)), 'East', 1)]",14,14,427,41,49,90
413,"((5, 2), (False, True, False, False))","((6, 2), (False, True, False, False))",'West',"[(((5, 1), (False, True, False, False)), 'South', 1), (((6, 2), (False, True, False, False)), 'East', 1)]",14,14,428,45,45,90
414,"((21, 8), (False, True, False, False))","((20, 8), (False, True, False, False))",'East',"[(((22, 8), (False, True, False, False)), 'East', 1), (((20, 8), (False, True, False, False)), 'West', 1)]",14,14,429,59,31,90
415,"((17, 8), (False, True, False, False))","((16, 8), (False, True, False, False))",'East',"[(((18, 8), (False, True, False, False)), 'East', 1), (((16, 8), (False, True, False, False)), 'West', 1)]",14,14,430,59,31,90
416,"((28, 7), (False, False, False, False))","((28, 6), (False, False, False, False))",'North',"[(((28, 8), (False, False, False, False)), 'North', 1), (((28, 6), (False, False, False, False)), 'South', 1)]",14,14,431,41,50,91
417,"((28, 5), (False, False, False, False))","((28, 6), (False, False, False, False))",'South',"[(((28, 6), (False, False, False, False)), 'North', 1), (((28, 4), (False, False, False, False)), 'South', 1)]",14,14,432,41,50,91
418,"((26, 11), (False, False, False, False))","((26, 12), (False, False, False, False))",'South',"[(((26, 12), (False, False, False, False)), 'North', 1), (((26, 10), (False, False, False, False)), 'South', 1)]",14,14,433,41,50,91
419,"((24, 8), (True, False, False, False))","((23, 8), (True, False, False, False))",'East',"[(((24, 9), (True, False, False, False)), 'North', 1), (((24, 7), (True, False, False, False)), 'South', 1), (((23, 8), (True, False, False, False)), 'West', 1)]",14,15,435,52,39,91
420,"((18, 10), (True, False, False, False))","((18, 9), (True, False, False, False))",'North',"[(((18, 11), (True, False, False, False)), 'North', 1), (((18, 9), (True, False, False, False)), 'South', 1), (((19, 10), (True, False, False, False)), 'East', 1)]",15,16,437,52,39,91
421,"((9, 7), (False, True, False, False))","((9, 6), (False, True, False, False))",'North',"[(((9, 8), (False, True, False, False)), 'North', 1), (((9, 6), (False, True, False, False)), 'South', 1)]",16,16,438,50,41,91
422,"((9, 11), (False, True, False, False))","((9, 10), (False, True, False, False))",'North',"[(((9, 12), (False, True, False, False)), 'North', 1), (((9, 10), (False, True, False, False)), 'South', 1)]",16,16,439,54,37,91
423,"((1, 12), (True, True, False, False))","((2, 12), (True, False, False, False))",'West',"[(((1, 11), (True, True, False, False)), 'South', 1), (((2, 12), (True, True, False, False)), 'East', 1)]",16,17,441,37,55,92
424,"((2, 8), (False, True, False, False))","((1, 8), (False, True, False, False))",'East',"[(((3, 8), (False, True, False, False)), 'East', 1), (((1, 8), (False, True, False, False)), 'West', 1)]",17,17,442,40,52,92
425,"((1, 1), (True, True, False, False))","((2, 1), (False, True, False, False))",'West',"[(((1, 2), (True, True, False, False)), 'North', 1), (((2, 1), (True, True, False, False)), 'East', 1)]",17,18,444,42,50,92
426,"((1, 3), (False, True, False, False))","((1, 2), (False, True, False, False))",'North',"[(((1, 4), (False, True, False, False)), 'North', 1), (((1, 2), (False, True, False, False)), 'South', 1)]",18,18,445,42,50,92
427,"((5, 1), (False, True, False, False))","((5, 2), (False, True, False, False))",'South',"[(((5, 2), (False, True, False, False)), 'North', 1)]",18,17,445,46,46,92
428,"((22, 8), (False, True, False, False))","((21, 8), (False, True, False, False))",'East',"[(((23, 8), (False, True, False, False)), 'East', 1), (((21, 8), (False, True, False, False)), 'West', 1)]",17,17,446,60,32,92
429,"((18, 8), (False, True, False, False))","((17, 8), (False, True, False, False))",'East',"[(((18, 9), (False, True, False, False)), 'North', 1), (((17, 8), (False, True, False, False)), 'West', 1)]",17,17,447,60,32,92
430,"((1, 11), (True, True, False, False))","((1, 12), (True, True, False, False))",'South',"[(((1, 12), (True, True, False, False)), 'North', 1), (((1, 10), (True, True, False, False)), 'South', 1), (((2, 11), (True, True, False, False)), 'East', 1)]",17,18,449,38,54,92
431,"((2, 12), (True, True, False, False))","((1, 12), (True, True, False, False))",'East',"[(((2, 11), (True, True, False, False)), 'South', 1), (((3, 12), (True, True, False, False)), 'East', 1), (((1, 12), (True, True, False, False)), 'West', 1)]",18,18,450,38,54,92
432,"((1, 2), (True, True, False, False))","((1, 1), (True, True, False, False))",'North',"[(((1, 3), (True, True, False, False)), 'North', 1), (((1, 1), (True, True, False, False)), 'South', 1), (((2, 2), (True, True, False, False)), 'East', 1)]",18,19,452,43,49,92
433,"((2, 1), (True, True, False, False))","((1, 1), (True, True, False, False))",'East',"[(((2, 2), (True, True, False, False)), 'North', 1), (((3, 1), (True, True, False, False)), 'East', 1), (((1, 1), (True, True, False, False)), 'West', 1)]",19,19,453,43,49,92
434,"((1, 10), (True, True, False, False))","((1, 11), (True, True, False, False))",'South',"[(((1, 11), (True, True, False, False)), 'North', 1), (((2, 10), (True, True, False, False)), 'East', 1)]",19,19,454,39,53,92
435,"((2, 11), (True, True, False, False))","((1, 11), (True, True, False, False))",'East',"[(((2, 12), (True, True, False, False)), 'North', 1), (((2, 10), (True, True, False, False)), 'South', 1), (((3, 11), (True, True, False, False)), 'East', 1), (((1, 11), (True, True, False, False)), 'West', 1)]",19,19,455,39,53,92
436,"((3, 12), (True, True, False, False))","((2, 12), (True, True, False, False))",'East',"[(((3, 11), (True, True, False, False)), 'South', 1), (((4, 12), (True, True, False, False)), 'East', 1), (((2, 12), (True, True, False, False)), 'West', 1)]",19,19,456,39,53,92
437,"((2, 2), (True, True, False, False))","((1, 2), (True, True, False, False))",'East',"[(((2, 1), (True, True, False, False)), 'South', 1), (((3, 2), (True, True, False, False)), 'East', 1), (((1, 2), (True, True, False, False)), 'West', 1)]",19,19,457,44,48,92
438,"((3, 1), (True, True, False, False))","((2, 1), (True, True, False, False))",'East',"[(((3, 2), (True, True, False, False)), 'North', 1), (((2, 1), (True, True, False, False)), 'West', 1)]",19,18,457,44,48,92
439,"((2, 10), (True, True, False, False))","((1, 10), (True, True, False, False))",'East',"[(((2, 11), (True, True, False, False)), 'North', 1), (((3, 10), (True, True, False, False)), 'East', 1), (((1, 10), (True, True, False, False)), 'West', 1)]",18,18,458,40,52,92
440,"((3, 11), (True, True, False, False))","((2, 11), (True, True, False, False))",'East',"[(((3, 12), (True, True, False, False)), 'North', 1), (((3, 10), (True, True, False, False)), 'South', 1), (((4, 11), (True, True, False, False)), 'East', 1), (((2, 11), (True, True, False, False)), 'West', 1)]",18,18,459,40,52,92
441,"((4, 12), (True, True, False, False))","((3, 12), (True, True, False, False))",'East',"[(((4, 11), (True, True, False, False)), 'South', 1), (((5, 12), (True, True, False, False)), 'East', 1), (((3, 12), (True, True, False, False)), 'West', 1)]",18,18,460,40,52,92
442,"((3, 2), (True, True, False, False))","((2, 2), (True, True, False, False))",'East',"[(((3, 3), (True, True, False, False)), 'North', 1), (((3, 1), (True, True, False, False)), 'South', 1), (((2, 2), (True, True, False, False)), 'West', 1)]",18,18,461,45,47,92
443,"((3, 10), (True, True, False, False))","((2, 10), (True, True, False, False))",'East',"[(((3, 11), (True, True, False, False)), 'North', 1), (((4, 10), (True, True, False, False)), 'East', 1), (((2, 10), (True, True, False, False)), 'West', 1)]",18,18,462,41,51,92
444,"((4, 11), (True, True, False, False))","((3, 11), (True, True, False, False))",'East',"[(((4, 12), (True, True, False, False)), 'North', 1), (((4, 10), (True, True, False, False)), 'South', 1), (((5, 11), (True, True, False, False)), 'East', 1), (((3, 11), (True, True, False, False)), 'West', 1)]",18,18,463,41,51,92
445,"((5, 12), (True, True, False, False))","((4, 12), (True, True, False, False))",'East',"[(((5, 11), (True, True, False, False)), 'South', 1), (((6, 12), (True, True, False, False)), 'East', 1), (((4, 12), (True, True, False, False)), 'West', 1)]",18,18,464,41,51,92
446,"((3, 3), (True, True, False, False))","((3, 2), (True, True, False, False))",'North',"[(((3, 4), (True, True, False, False)), 'North', 1), (((3, 2), (True, True, False, False)), 'South', 1)]",18,18,465,46,46,92
447,"((4, 10), (True, True, False, False))","((3, 10), (True, True, False, False))",'East',"[(((4, 11), (True, True, False, False)), 'North', 1), (((5, 10), (True, True, False, False)), 'East', 1), (((3, 10), (True, True, False, False)), 'West', 1)]",18,18,466,42,50,92
448,"((5, 11), (True, True, False, False))","((4, 11), (True, True, False, False))",'East',"[(((5, 12), (True, True, False, False)), 'North', 1), (((5, 10), (True, True, False, False)), 'South', 1), (((6, 11), (True, True, False, False)), 'East', 1), (((4, 11), (True, True, False, False)), 'West', 1)]",18,18,467,42,50,92
449,"((3, 4), (True, True, False, False))","((3, 3), (True, True, False, False))",'North',"[(((3, 5), (True, True, False, False)), 'North', 1), (((3, 3), (True, True, False, False)), 'South', 1), (((4, 4), (True, True, False, False)), 'East', 1)]",18,19,469,47,45,92
450,"((5, 10), (True, True, False, False))","((4, 10), (True, True, False, False))",'East',"[(((5, 11), (True, True, False, False)), 'North', 1), (((5, 9), (True, True, False, False)), 'South', 1), (((6, 10), (True, True, False, False)), 'East', 1), (((4, 10), (True, True, False, False)), 'West', 1)]",19,20,471,43,49,92
451,"((4, 4), (True, True, False, False))","((3, 4), (True, True, False, False))",'East',"[(((5, 4), (True, True, False, False)), 'East', 1), (((3, 4), (True, True, False, False)), 'West', 1)]",20,20,472,48,44,92
452,"((5, 9), (True, True, False, False))","((5, 10), (True, True, False, False))",'South',"[(((5, 10), (True, True, False, False)), 'North', 1), (((5, 8), (True, True, False, False)), 'South', 1)]",20,20,473,44,48,92
453,"((5, 4), (True, True, False, False))","((4, 4), (True, True, False, False))",'East',"[(((5, 5), (True, True, False, False)), 'North', 1), (((6, 4), (True, True, False, False)), 'East', 1), (((4, 4), (True, True, False, False)), 'West', 1)]",20,21,475,49,43,92
454,"((5, 8), (True, True, False, False))","((5, 9), (True, True, False, False))",'South',"[(((5, 9), (True, True, False, False)), 'North', 1), (((5, 7), (True, True, False, False)), 'South', 1)]",21,21,476,45,47,92
455,"((6, 4), (True, True, False, False))","((5, 4), (True, True, False, False))",'East',"[(((7, 4), (True, True, False, False)), 'East', 1), (((5, 4), (True, True, False, False)), 'West', 1)]",21,21,477,50,42,92
456,"((5, 7), (True, True, False, False))","((5, 8), (True, True, False, False))",'South',"[(((5, 8), (True, True, False, False)), 'North', 1), (((5, 6), (True, True, False, False)), 'South', 1)]",21,21,478,46,46,92
457,"((7, 4), (True, True, False, False))","((6, 4), (True, True, False, False))",'East',"[(((8, 4), (True, True, False, False)), 'East', 1), (((6, 4), (True, True, False, False)), 'West', 1)]",21,21,479,51,41,92
458,"((5, 6), (True, True, False, False))","((5, 7), (True, True, False, False))",'South',"[(((5, 7), (True, True, False, False)), 'North', 1), (((5, 5), (True, True, False, False)), 'South', 1), (((6, 6), (True, True, False, False)), 'East', 1), (((4, 6), (True, True, False, False)), 'West', 1)]",21,23,481,47,45,92
459,"((8, 4), (True, True, False, False))","((7, 4), (True, True, False, False))",'East',"[(((9, 4), (True, True, False, False)), 'East', 1), (((7, 4), (True, True, False, False)), 'West', 1)]",23,23,482,52,40,92
460,"((5, 5), (True, True, False, False))","((5, 6), (True, True, False, False))",'South',"[(((5, 6), (True, True, False, False)), 'North', 1), (((5, 4), (True, True, False, False)), 'South', 1)]",23,22,482,48,44,92
461,"((9, 4), (True, True, False, False))","((8, 4), (True, True, False, False))",'East',"[(((9, 3), (True, True, False, False)), 'South', 1), (((10, 4), (True, True, False, False)), 'East', 1), (((8, 4), (True, True, False, False)), 'West', 1)]",22,23,484,53,39,92
462,"((10, 4), (True, True, False, False))","((9, 4), (True, True, False, False))",'East',"[(((11, 4), (True, True, False, False)), 'East', 1), (((9, 4), (True, True, False, False)), 'West', 1)]",23,23,485,54,38,92
463,"((11, 4), (True, True, False, False))","((10, 4), (True, True, False, False))",'East',"[(((11, 3), (True, True, False, False)), 'South', 1), (((12, 4), (True, True, False, False)), 'East', 1), (((10, 4), (True, True, False, False)), 'West', 1)]",23,24,487,55,37,92
464,"((28, 8), (False, False, False, False))","((28, 7), (False, False, False, False))",'North',"[(((28, 7), (False, False, False, False)), 'South', 1), (((27, 8), (False, False, False, False)), 'West', 1)]",24,24,488,42,51,93
465,"((28, 4), (False, False, False, False))","((28, 5), (False, False, False, False))",'South',"[(((28, 5), (False, False, False, False)), 'North', 1), (((28, 3), (False, False, False, False)), 'South', 1)]",24,24,489,42,51,93
466,"((26, 10), (False, False, False, False))","((26, 11), (False, False, False, False))",'South',"[(((26, 11), (False, False, False, False)), 'North', 1), (((26, 9), (False, False, False, False)), 'South', 1), (((27, 10), (False, False, False, False)), 'East', 1)]",24,25,491,42,51,93
467,"((24, 9), (True, False, False, False))","((24, 8), (True, False, False, False))",'North',"[(((24, 10), (True, False, False, False)), 'North', 1), (((24, 8), (True, False, False, False)), 'South', 1)]",25,25,492,53,40,93
468,"((24, 7), (True, False, False, False))","((24, 8), (True, False, False, False))",'South',"[(((24, 8), (True, False, False, False)), 'North', 1), (((24, 6), (True, False, False, False)), 'South', 1)]",25,25,493,53,40,93
469,"((18, 11), (True, False, False, False))","((18, 10), (True, False, False, False))",'North',"[(((18, 12), (True, False, False, False)), 'North', 1), (((18, 10), (True, False, False, False)), 'South', 1)]",25,25,494,53,40,93
470,"((19, 10), (True, False, False, False))","((18, 10), (True, False, False, False))",'East',"[(((20, 10), (True, False, False, False)), 'East', 1), (((18, 10), (True, False, False, False)), 'West', 1)]",25,25,495,53,40,93
471,"((9, 8), (False, True, False, False))","((9, 7), (False, True, False, False))",'North',"[(((9, 7), (False, True, False, False)), 'South', 1)]",25,24,495,51,42,93
472,"((9, 12), (False, True, False, False))","((9, 11), (False, True, False, False))",'North',"[(((9, 11), (False, True, False, False)), 'South', 1)]",24,23,495,55,38,93
473,"((12, 4), (True, True, False, False))","((11, 4), (True, True, False, False))",'East',"[(((13, 4), (True, True, False, False)), 'East', 1), (((11, 4), (True, True, False, False)), 'West', 1)]",23,23,496,56,37,93
474,"((3, 8), (False, True, False, False))","((2, 8), (False, True, False, False))",'East',"[(((2, 8), (False, True, False, False)), 'West', 1)]",23,22,496,41,53,94
475,"((1, 4), (False, True, False, False))","((1, 3), (False, True, False, False))",'North',"[(((1, 3), (False, True, False, False)), 'South', 1)]",22,21,496,43,51,94
476,"((23, 8), (False, True, False, False))","((22, 8), (False, True, False, False))",'East',"[(((24, 8), (False, True, False, False)), 'East', 1), (((22, 8), (False, True, False, False)), 'West', 1)]",21,21,497,61,33,94
477,"((18, 9), (False, True, False, False))","((18, 8), (False, True, False, False))",'North',"[(((18, 10), (False, True, False, False)), 'North', 1), (((18, 8), (False, True, False, False)), 'South', 1)]",21,21,498,61,33,94
478,"((1, 3), (True, True, False, False))","((1, 2), (True, True, False, False))",'North',"[(((1, 4), (True, True, False, False)), 'North', 1), (((1, 2), (True, True, False, False)), 'South', 1)]",21,21,499,44,50,94
479,"((6, 12), (True, True, False, False))","((5, 12), (True, True, False, False))",'East',"[(((6, 11), (True, True, False, False)), 'South', 1), (((7, 12), (True, True, False, False)), 'East', 1), (((5, 12), (True, True, False, False)), 'West', 1)]",21,21,500,42,52,94
480,"((6, 11), (True, True, False, False))","((5, 11), (True, True, False, False))",'East',"[(((6, 12), (True, True, False, False)), 'North', 1), (((6, 10), (True, True, False, False)), 'South', 1), (((7, 11), (True, True, False, False)), 'East', 1), (((5, 11), (True, True, False, False)), 'West', 1)]",21,21,501,43,51,94
481,"((3, 5), (True, True, False, False))","((3, 4), (True, True, False, False))",'North',"[(((3, 6), (True, True, False, False)), 'North', 1), (((3, 4), (True, True, False, False)), 'South', 1)]",21,21,502,48,46,94
482,"((6, 10), (True, True, False, False))","((5, 10), (True, True, False, False))",'East',"[(((6, 11), (True, True, False, False)), 'North', 1), (((7, 10), (True, True, False, False)), 'East', 1), (((5, 10), (True, True, False, False)), 'West', 1)]",21,21,503,44,50,94
483,"((5, 5), (True, True, False, False))","((5, 4), (True, True, False, False))",'North',"[(((5, 6), (True, True, False, False)), 'North', 1), (((5, 4), (True, True, False, False)), 'South', 1)]",21,20,503,48,44,92
484,"((6, 6), (True, True, False, False))","((5, 6), (True, True, False, False))",'East',"[(((7, 6), (True, True, False, False)), 'East', 1), (((5, 6), (True, True, False, False)), 'West', 1)]",20,20,504,48,46,94
485,"((4, 6), (True, True, False, False))","((5, 6), (True, True, False, False))",'West',"[(((5, 6), (True, True, False, False)), 'East', 1), (((3, 6), (True, True, False, False)), 'West', 1)]",20,19,504,48,46,94
486,"((9, 3), (True, True, False, False))","((9, 4), (True, True, False, False))",'South',"[(((9, 4), (True, True, False, False)), 'North', 1), (((9, 2), (True, True, False, False)), 'South', 1)]",19,19,505,54,40,94
487,"((11, 3), (True, True, False, False))","((11, 4), (True, True, False, False))",'South',"[(((11, 4), (True, True, False, False)), 'North', 1), (((11, 2), (True, True, False, False)), 'South', 1)]",19,19,506,56,38,94
488,"((27, 8), (False, False, False, False))","((28, 8), (False, False, False, False))",'West',"[(((28, 8), (False, False, False, False)), 'East', 1), (((26, 8), (False, False, False, False)), 'West', 1)]",19,19,507,43,52,95
489,"((28, 3), (False, False, False, False))","((28, 4), (False, False, False, False))",'South',"[(((28, 4), (False, False, False, False)), 'North', 1), (((28, 2), (False, False, False, False)), 'South', 1)]",19,19,508,43,52,95
490,"((26, 9), (False, False, False, False))","((26, 10), (False, False, False, False))",'South',"[(((26, 10), (False, False, False, False)), 'North', 1), (((26, 8), (False, False, False, False)), 'South', 1)]",19,18,508,43,52,95
491,"((27, 10), (False, False, False, False))","((26, 10), (False, False, False, False))",'East',"[(((28, 10), (False, False, False, False)), 'East', 1), (((26, 10), (False, False, False, False)), 'West', 1)]",18,18,509,43,52,95
492,"((24, 10), (True, False, False, False))","((24, 9), (True, False, False, False))",'North',"[(((24, 9), (True, False, False, False)), 'South', 1)]",18,17,509,54,41,95
493,"((24, 6), (True, False, False, False))","((24, 7), (True, False, False, False))",'South',"[(((24, 7), (True, False, False, False)), 'North', 1), (((24, 5), (True, False, False, False)), 'South', 1)]",17,17,510,54,41,95
494,"((18, 12), (True, False, False, False))","((18, 11), (True, False, False, False))",'North',"[(((18, 11), (True, False, False, False)), 'South', 1), (((19, 12), (True, False, False, False)), 'East', 1), (((17, 12), (True, False, False, False)), 'West', 1)]",17,18,512,54,41,95
495,"((20, 10), (True, False, False, False))","((19, 10), (True, False, False, False))",'East',"[(((21, 10), (True, False, False, False)), 'East', 1), (((19, 10), (True, False, False, False)), 'West', 1)]",18,18,513,54,41,95
496,"((13, 4), (True, True, False, False))","((12, 4), (True, True, False, False))",'East',"[(((13, 5), (True, True, False, False)), 'North', 1), (((12, 4), (True, True, False, False)), 'West', 1)]",18,18,514,57,38,95
497,"((24, 8), (False, True, False, False))","((23, 8), (False, True, False, False))",'East',"[(((24, 9), (False, True, False, False)), 'North', 1), (((24, 7), (False, True, False, False)), 'South', 1), (((23, 8), (False, True, False, False)), 'West', 1)]",18,19,516,62,34,96
498,"((18, 10), (False, True, False, False))","((18, 9), (False, True, False, False))",'North',"[(((18, 11), (False, True, False, False)), 'North', 1), (((18, 9), (False, True, False, False)), 'South', 1), (((19, 10), (False, True, False, False)), 'East', 1)]",19,20,518,62,34,96
499,"((1, 4), (True, True, False, False))","((1, 3), (True, True, False, False))",'North',"[(((1, 3), (True, True, False, False)), 'South', 1)]",20,19,518,45,51,96
500,"((7, 12), (True, True, False, False))","((6, 12), (True, True, False, False))",'East',"[(((7, 11), (True, True, False, False)), 'South', 1), (((6, 12), (True, True, False, False)), 'West', 1)]",19,18,518,43,53,96
501,"((7, 11), (True, True, False, False))","((6, 11), (True, True, False, False))",'East',"[(((7, 12), (True, True, False, False)), 'North', 1), (((7, 10), (True, True, False, False)), 'South', 1), (((6, 11), (True, True, False, False)), 'West', 1)]",18,17,518,44,52,96
502,"((3, 6), (True, True, False, False))","((3, 5), (True, True, False, False))",'North',"[(((3, 5), (True, True, False, False)), 'South', 1), (((4, 6), (True, True, False, False)), 'East', 1), (((2, 6), (True, True, False, False)), 'West', 1)]",17,17,519,49,47,96
503,"((7, 10), (True, True, False, False))","((6, 10), (True, True, False, False))",'East',"[(((7, 11), (True, True, False, False)), 'North', 1), (((6, 10), (True, True, False, False)), 'West', 1)]",17,16,519,45,51,96
504,"((7, 6), (True, True, False, False))","((6, 6), (True, True, False, False))",'East',"[(((7, 7), (True, True, False, False)), 'North', 1), (((6, 6), (True, True, False, False)), 'West', 1)]",16,16,520,49,47,96
505,"((9, 2), (True, True, False, False))","((9, 3), (True, True, False, False))",'South',"[(((9, 3), (True, True, False, False)), 'North', 1), (((8, 2), (True, True, False, False)), 'West', 1)]",16,16,521,55,41,96
506,"((11, 2), (True, True, False, False))","((11, 3), (True, True, False, False))",'South',"[(((11, 3), (True, True, False, False)), 'North', 1), (((11, 1), (True, True, False, False)), 'South', 1), (((12, 2), (True, True, False, False)), 'East', 1)]",16,17,523,57,39,96
507,"((12, 2), (True, True, False, False))","((11, 2), (True, True, False, False))",'East',"[(((12, 1), (True, True, False, False)), 'South', 1), (((13, 2), (True, True, False, False)), 'East', 1), (((11, 2), (True, True, False, False)), 'West', 1)]",17,18,525,58,38,96
508,"((13, 2), (True, True, False, False))","((12, 2), (True, True, False, False))",'East',"[(((13, 1), (True, True, False, False)), 'South', 1), (((14, 2), (True, True, False, False)), 'East', 1), (((12, 2), (True, True, False, False)), 'West', 1)]",18,19,527,59,37,96
509,"((14, 2), (True, True, False, False))","((13, 2), (True, True, False, False))",'East',"[(((14, 1), (True, True, False, False)), 'South', 1), (((15, 2), (True, True, False, False)), 'East', 1), (((13, 2), (True, True, False, False)), 'West', 1)]",19,20,529,60,36,96
510,"((15, 2), (True, True, False, False))","((14, 2), (True, True, False, False))",'East',"[(((15, 1), (True, True, False, False)), 'South', 1), (((16, 2), (True, True, False, False)), 'East', 1), (((14, 2), (True, True, False, False)), 'West', 1)]",20,21,531,61,35,96
511,"((16, 2), (True, True, False, False))","((15, 2), (True, True, False, False))",'East',"[(((16, 3), (True, True, False, False)), 'North', 1), (((16, 1), (True, True, False, False)), 'South', 1), (((15, 2), (True, True, False, False)), 'West', 1)]",21,22,533,62,34,96
512,"((16, 3), (True, True, False, False))","((16, 2), (True, True, False, False))",'North',"[(((16, 4), (True, True, False, False)), 'North', 1), (((16, 2), (True, True, False, False)), 'South', 1)]",22,22,534,63,33,96
513,"((16, 4), (True, True, False, False))","((16, 3), (True, True, False, False))",'North',"[(((16, 3), (True, True, False, False)), 'South', 1), (((17, 4), (True, True, False, False)), 'East', 1)]",22,22,535,64,32,96
514,"((17, 4), (True, True, False, False))","((16, 4), (True, True, False, False))",'East',"[(((18, 4), (True, True, False, False)), 'East', 1), (((16, 4), (True, True, False, False)), 'West', 1)]",22,22,536,65,31,96
515,"((18, 4), (True, True, False, False))","((17, 4), (True, True, False, False))",'East',"[(((18, 5), (True, True, False, False)), 'North', 1), (((18, 3), (True, True, False, False)), 'South', 1), (((19, 4), (True, True, False, False)), 'East', 1), (((17, 4), (True, True, False, False)), 'West', 1)]",22,24,539,66,30,96
516,"((18, 5), (True, True, False, False))","((18, 4), (True, True, False, False))",'North',"[(((18, 6), (True, True, False, False)), 'North', 1), (((18, 4), (True, True, False, False)), 'South', 1)]",24,24,540,67,29,96
517,"((18, 6), (True, True, False, False))","((18, 5), (True, True, False, False))",'North',"[(((18, 5), (True, True, False, False)), 'South', 1), (((19, 6), (True, True, False, False)), 'East', 1), (((17, 6), (True, True, False, False)), 'West', 1)]",24,25,542,68,28,96
518,"((19, 6), (True, True, False, False))","((18, 6), (True, True, False, False))",'East',"[(((20, 6), (True, True, False, False)), 'East', 1), (((18, 6), (True, True, False, False)), 'West', 1)]",25,25,543,69,27,96
519,"((20, 6), (True, True, False, False))","((19, 6), (True, True, False, False))",'East',"[(((20, 7), (True, True, False, False)), 'North', 1), (((19, 6), (True, True, False, False)), 'West', 1)]",25,25,544,70,26,96
520,"((20, 7), (True, True, False, False))","((20, 6), (True, True, False, False))",'North',"[(((20, 8), (True, True, False, False)), 'North', 1), (((20, 6), (True, True, False, False)), 'South', 1)]",25,25,545,71,25,96
521,"((20, 8), (True, True, False, False))","((20, 7), (True, True, False, False))",'North',"[(((20, 7), (True, True, False, False)), 'South', 1), (((21, 8), (True, True, False, False)), 'East', 1)]",25,25,546,72,24,96
522,"((21, 8), (True, True, False, False))","((20, 8), (True, True, False, False))",'East',"[(((22, 8), (True, True, False, False)), 'East', 1), (((20, 8), (True, True, False, False)), 'West', 1)]",25,25,547,73,23,96
523,"((22, 8), (True, True, False, False))","((21, 8), (True, True, False, False))",'East',"[(((23, 8), (True, True, False, False)), 'East', 1), (((21, 8), (True, True, False, False)), 'West', 1)]",25,25,548,74,22,96
524,"((23, 8), (True, True, False, False))","((22, 8), (True, True, False, False))",'East',"[(((24, 8), (True, True, False, False)), 'East', 1), (((22, 8), (True, True, False, False)), 'West', 1)]",25,25,549,75,21,96
525,"((24, 8), (True, True, False, False))","((23, 8), (True, True, False, False))",'East',"[(((24, 9), (True, True, False, False)), 'North', 1), (((24, 7), (True, True, False, False)), 'South', 1), (((23, 8), (True, True, False, False)), 'West', 1)]",25,26,551,76,20,96
526,"((24, 7), (True, True, False, False))","((24, 8), (True, True, False, False))",'South',"[(((24, 8), (True, True, False, False)), 'North', 1), (((24, 6), (True, True, False, False)), 'South', 1)]",26,26,552,77,19,96
527,"((24, 6), (True, True, False, False))","((24, 7), (True, True, False, False))",'South',"[(((24, 7), (True, True, False, False)), 'North', 1), (((24, 5), (True, True, False, False)), 'South', 1)]",26,26,553,78,18,96
528,"((24, 5), (True, True, False, False))","((24, 6), (True, True, False, False))",'South',"[(((24, 6), (True, True, False, False)), 'North', 1), (((24, 4), (True, True, False, False)), 'South', 1)]",26,26,554,79,17,96
529,"((24, 4), (True, True, False, False))","((24, 5), (True, True, False, False))",'South',"[(((24, 5), (True, True, False, False)), 'North', 1), (((25, 4), (True, True, False, False)), 'East', 1), (((23, 4), (True, True, False, False)), 'West', 1)]",26,27,556,80,16,96
530,"((25, 4), (True, True, False, False))","((24, 4), (True, True, False, False))",'East',"[(((26, 4), (True, True, False, False)), 'East', 1), (((24, 4), (True, True, False, False)), 'West', 1)]",27,27,557,81,15,96
531,"((26, 4), (True, True, False, False))","((25, 4), (True, True, False, False))",'East',"[(((26, 5), (True, True, False, False)), 'North', 1), (((26, 3), (True, True, False, False)), 'South', 1), (((25, 4), (True, True, False, False)), 'West', 1)]",27,28,559,82,14,96
532,"((26, 5), (True, True, False, False))","((26, 4), (True, True, False, False))",'North',"[(((26, 6), (True, True, False, False)), 'North', 1), (((26, 4), (True, True, False, False)), 'South', 1)]",28,28,560,83,13,96
533,"((26, 6), (True, True, False, False))","((26, 5), (True, True, False, False))",'North',"[(((26, 5), (True, True, False, False)), 'South', 1), (((27, 6), (True, True, False, False)), 'East', 1)]",28,28,561,84,12,96
534,"((27, 6), (True, True, False, False))","((26, 6), (True, True, False, False))",'East',"[(((28, 6), (True, True, False, False)), 'East', 1), (((26, 6), (True, True, False, False)), 'West', 1)]",28,28,562,85,11,96
535,"((28, 6), (True, True, False, False))","((27, 6), (True, True, False, False))",'East',"[(((28, 7), (True, True, False, False)), 'North', 1), (((28, 5), (True, True, False, False)), 'South', 1), (((27, 6), (True, True, False, False)), 'West', 1)]",28,29,564,86,10,96
536,"((28, 7), (True, True, False, False))","((28, 6), (True, True, False, False))",'North',"[(((28, 8), (True, True, False, False)), 'North', 1), (((28, 6), (True, True, False, False)), 'South', 1)]",29,29,565,87,9,96
537,"((28, 8), (True, True, False, False))","((28, 7), (True, True, False, False))",'North',"[(((28, 7), (True, True, False, False)), 'South', 1), (((27, 8), (True, True, False, False)), 'West', 1)]",29,29,566,88,8,96
538,"((26, 8), (False, False, False, False))","((27, 8), (False, False, False, False))",'West',"[(((26, 9), (False, False, False, False)), 'North', 1), (((27, 8), (False, False, False, False)), 'East', 1)]",29,28,566,44,53,97
539,"((28, 2), (False, False, False, False))","((28, 3), (False, False, False, False))",'South',"[(((28, 3), (False, False, False, False)), 'North', 1), (((28, 1), (False, False, True, False)), 'South', 1)]",28,28,567,44,53,97
540,"((28, 10), (False, False, False, False))","((27, 10), (False, False, False, False))",'East',"[(((28, 11), (False, False, False, False)), 'North', 1), (((27, 10), (False, False, False, False)), 'West', 1)]",28,28,568,44,53,97
541,"((24, 5), (True, False, False, False))","((24, 6), (True, False, False, False))",'South',"[(((24, 6), (True, False, False, False)), 'North', 1), (((24, 4), (True, False, False, False)), 'South', 1)]",28,28,569,55,42,97
542,"((19, 12), (True, False, False, False))","((18, 12), (True, False, False, False))",'East',"[(((20, 12), (True, False, False, False)), 'East', 1), (((18, 12), (True, False, False, False)), 'West', 1)]",28,28,570,55,42,97
543,"((17, 12), (True, False, False, False))","((18, 12), (True, False, False, False))",'West',"[(((18, 12), (True, False, False, False)), 'East', 1), (((16, 12), (True, False, False, False)), 'West', 1)]",28,28,571,55,42,97
544,"((21, 10), (True, False, False, False))","((20, 10), (True, False, False, False))",'East',"[(((22, 10), (True, False, False, False)), 'East', 1), (((20, 10), (True, False, False, False)), 'West', 1)]",28,28,572,55,42,97
545,"((13, 5), (True, True, False, False))","((13, 4), (True, True, False, False))",'North',"[(((13, 6), (True, True, False, False)), 'North', 1), (((13, 4), (True, True, False, False)), 'South', 1)]",28,28,573,58,39,97
546,"((27, 8), (True, True, False, False))","((28, 8), (True, True, False, False))",'West',"[(((28, 8), (True, True, False, False)), 'East', 1), (((26, 8), (True, True, False, False)), 'West', 1)]",28,28,574,89,8,97
547,"((24, 9), (False, True, False, False))","((24, 8), (False, True, False, False))",'North',"[(((24, 10), (False, True, False, False)), 'North', 1), (((24, 8), (False, True, False, False)), 'South', 1)]",28,28,575,63,35,98
548,"((24, 7), (False, True, False, False))","((24, 8), (False, True, False, False))",'South',"[(((24, 8), (False, True, False, False)), 'North', 1), (((24, 6), (False, True, False, False)), 'South', 1)]",28,28,576,63,35,98
549,"((18, 11), (False, True, False, False))","((18, 10), (False, True, False, False))",'North',"[(((18, 12), (False, True, False, False)), 'North', 1), (((18, 10), (False, True, False, False)), 'South', 1)]",28,28,577,63,35,98
550,"((19, 10), (False, True, False, False))","((18, 10), (False, True, False, False))",'East',"[(((20, 10), (False, True, False, False)), 'East', 1), (((18, 10), (False, True, False, False)), 'West', 1)]",28,28,578,63,35,98
551,"((2, 6), (True, True, False, False))","((3, 6), (True, True, False, False))",'West',"[(((3, 6), (True, True, False, False)), 'East', 1), (((1, 6), (True, True, False, False)), 'West', 1)]",28,28,579,50,48,98
552,"((7, 7), (True, True, False, False))","((7, 6), (True, True, False, False))",'North',"[(((7, 8), (True, True, False, False)), 'North', 1), (((7, 6), (True, True, False, False)), 'South', 1)]",28,28,580,50,48,98
553,"((8, 2), (True, True, False, False))","((9, 2), (True, True, False, False))",'West',"[(((9, 2), (True, True, False, False)), 'East', 1), (((7, 2), (True, True, False, False)), 'West', 1)]",28,28,581,56,42,98
554,"((11, 1), (True, True, False, False))","((11, 2), (True, True, False, False))",'South',"[(((11, 2), (True, True, False, False)), 'North', 1), (((12, 1), (True, True, False, False)), 'East', 1)]",28,27,581,58,40,98
555,"((12, 1), (True, True, False, False))","((12, 2), (True, True, False, False))",'South',"[(((12, 2), (True, True, False, False)), 'North', 1), (((13, 1), (True, True, False, False)), 'East', 1), (((11, 1), (True, True, False, False)), 'West', 1)]",27,26,581,59,39,98
556,"((13, 1), (True, True, False, False))","((13, 2), (True, True, False, False))",'South',"[(((13, 2), (True, True, False, False)), 'North', 1), (((14, 1), (True, True, False, False)), 'East', 1), (((12, 1), (True, True, False, False)), 'West', 1)]",26,25,581,60,38,98
557,"((14, 1), (True, True, False, False))","((14, 2), (True, True, False, False))",'South',"[(((14, 2), (True, True, False, False)), 'North', 1), (((15, 1), (True, True, False, False)), 'East', 1), (((13, 1), (True, True, False, False)), 'West', 1)]",25,24,581,61,37,98
558,"((15, 1), (True, True, False, False))","((15, 2), (True, True, False, False))",'South',"[(((15, 2), (True, True, False, False)), 'North', 1), (((16, 1), (True, True, False, False)), 'East', 1), (((14, 1), (True, True, False, False)), 'West', 1)]",24,23,581,62,36,98
559,"((16, 1), (True, True, False, False))","((16, 2), (True, True, False, False))",'South',"[(((16, 2), (True, True, False, False)), 'North', 1), (((15, 1), (True, True, False, False)), 'West', 1)]",23,22,581,63,35,98
560,"((18, 3), (True, True, False, False))","((18, 4), (True, True, False, False))",'South',"[(((18, 4), (True, True, False, False)), 'North', 1), (((18, 2), (True, True, False, False)), 'South', 1)]",22,22,582,67,31,98
561,"((19, 4), (True, True, False, False))","((18, 4), (True, True, False, False))",'East',"[(((20, 4), (True, True, False, False)), 'East', 1), (((18, 4), (True, True, False, False)), 'West', 1)]",22,22,583,67,31,98
562,"((17, 6), (True, True, False, False))","((18, 6), (True, True, False, False))",'West',"[(((18, 6), (True, True, False, False)), 'East', 1), (((16, 6), (True, True, False, False)), 'West', 1)]",22,22,584,69,29,98
563,"((24, 9), (True, True, False, False))","((24, 8), (True, True, False, False))",'North',"[(((24, 10), (True, True, False, False)), 'North', 1), (((24, 8), (True, True, False, False)), 'South', 1)]",22,22,585,77,21,98
564,"((23, 4), (True, True, False, False))","((24, 4), (True, True, False, False))",'West',"[(((24, 4), (True, True, False, False)), 'East', 1), (((22, 4), (True, True, False, False)), 'West', 1)]",22,22,586,81,17,98
565,"((26, 3), (True, True, False, False))","((26, 4), (True, True, False, False))",'South',"[(((26, 4), (True, True, False, False)), 'North', 1)]",22,21,586,83,15,98
566,"((28, 5), (True, True, False, False))","((28, 6), (True, True, False, False))",'South',"[(((28, 6), (True, True, False, False)), 'North', 1), (((28, 4), (True, True, False, False)), 'South', 1)]",21,21,587,87,11,98
567,"((28, 1), (False, False, True, False))","((28, 2), (False, False, False, False))",'South',"[(((28, 2), (False, False, True, False)), 'North', 1), (((27, 1), (False, False, True, False)), 'West', 1)]",21,22,589,45,54,99
568,"((28, 11), (False, False, False, False))","((28, 10), (False, False, False, False))",'North',"[(((28, 12), (False, False, False, True)), 'North', 1), (((28, 10), (False, False, False, False)), 'South', 1)]",22,22,590,45,54,99
569,"((24, 4), (True, False, False, False))","((24, 5), (True, False, False, False))",'South',"[(((24, 5), (True, False, False, False)), 'North', 1), (((25, 4), (True, False, False, False)), 'East', 1), (((23, 4), (True, False, False, False)), 'West', 1)]",22,23,592,56,43,99
570,"((20, 12), (True, False, False, False))","((19, 12), (True, False, False, False))",'East',"[(((21, 12), (True, False, False, False)), 'East', 1), (((19, 12), (True, False, False, False)), 'West', 1)]",23,23,593,56,43,99
571,"((16, 12), (True, False, False, False))","((17, 12), (True, False, False, False))",'West',"[(((17, 12), (True, False, False, False)), 'East', 1), (((15, 12), (True, False, False, False)), 'West', 1)]",23,23,594,56,43,99
572,"((22, 10), (True, False, False, False))","((21, 10), (True, False, False, False))",'East',"[(((21, 10), (True, False, False, False)), 'West', 1)]",23,22,594,56,43,99
573,"((13, 6), (True, True, False, False))","((13, 5), (True, True, False, False))",'North',"[(((13, 5), (True, True, False, False)), 'South', 1), (((12, 6), (True, True, False, False)), 'West', 1)]",22,22,595,59,40,99
574,"((26, 8), (True, True, False, False))","((27, 8), (True, True, False, False))",'West',"[(((26, 9), (True, True, False, False)), 'North', 1), (((27, 8), (True, True, False, False)), 'East', 1)]",22,22,596,90,9,99
575,"((28, 2), (False, False, True, False))","((28, 1), (False, False, True, False))",'North',"[(((28, 3), (False, False, True, False)), 'North', 1), (((28, 1), (False, False, True, False)), 'South', 1)]",22,22,597,46,53,99
576,"((12, 6), (True, True, False, False))","((13, 6), (True, True, False, False))",'West',"[(((13, 6), (True, True, False, False)), 'East', 1), (((11, 6), (True, True, False, False)), 'West', 1)]",22,22,598,60,39,99
577,"((28, 3), (False, False, True, False))","((28, 2), (False, False, True, False))",'North',"[(((28, 4), (False, False, True, False)), 'North', 1), (((28, 2), (False, False, True, False)), 'South', 1)]",22,22,599,47,52,99
578,"((11, 6), (True, True, False, False))","((12, 6), (True, True, False, False))",'West',"[(((11, 7), (True, True, False, False)), 'North', 1), (((12, 6), (True, True, False, False)), 'East', 1), (((10, 6), (True, True, False, False)), 'West', 1)]",22,23,601,61,38,99
579,"((28, 4), (False, False, True, False))","((28, 3), (False, False, True, False))",'North',"[(((28, 5), (False, False, True, False)), 'North', 1), (((28, 3), (False, False, True, False)), 'South', 1)]",23,23,602,48,51,99
580,"((11, 7), (True, True, False, False))","((11, 6), (True, True, False, False))",'North',"[(((11, 8), (True, True, False, False)), 'North', 1), (((11, 6), (True, True, False, False)), 'South', 1)]",23,23,603,62,37,99
581,"((28, 5), (False, False, True, False))","((28, 4), (False, False, True, False))",'North',"[(((28, 6), (False, False, True, False)), 'North', 1), (((28, 4), (False, False, True, False)), 'South', 1)]",23,23,604,49,50,99
582,"((11, 8), (True, True, False, False))","((11, 7), (True, True, False, False))",'North',"[(((11, 9), (True, True, False, False)), 'North', 1), (((11, 7), (True, True, False, False)), 'South', 1), (((12, 8), (True, True, False, False)), 'East', 1)]",23,24,606,63,36,99
583,"((28, 6), (False, False, True, False))","((28, 5), (False, False, True, False))",'North',"[(((28, 7), (False, False, True, False)), 'North', 1), (((28, 5), (False, False, True, False)), 'South', 1), (((27, 6), (False, False, True, False)), 'West', 1)]",24,25,608,50,49,99
584,"((11, 9), (True, True, False, False))","((11, 8), (True, True, False, False))",'North',"[(((11, 10), (True, True, False, False)), 'North', 1), (((11, 8), (True, True, False, False)), 'South', 1)]",25,25,609,64,35,99
585,"((27, 6), (False, False, True, False))","((28, 6), (False, False, True, False))",'West',"[(((28, 6), (False, False, True, False)), 'East', 1), (((26, 6), (False, False, True, False)), 'West', 1)]",25,25,610,51,48,99
586,"((11, 10), (True, True, False, False))","((11, 9), (True, True, False, False))",'North',"[(((11, 11), (True, True, False, False)), 'North', 1), (((11, 9), (True, True, False, False)), 'South', 1), (((12, 10), (True, True, False, False)), 'East', 1), (((10, 10), (True, True, False, False)), 'West', 1)]",25,27,613,65,34,99
587,"((26, 6), (False, False, True, False))","((27, 6), (False, False, True, False))",'West',"[(((26, 5), (False, False, True, False)), 'South', 1), (((27, 6), (False, False, True, False)), 'East', 1)]",27,27,614,52,47,99
588,"((12, 10), (True, True, False, False))","((11, 10), (True, True, False, False))",'East',"[(((13, 10), (True, True, False, False)), 'East', 1), (((11, 10), (True, True, False, False)), 'West', 1)]",27,27,615,66,33,99
589,"((26, 5), (False, False, True, False))","((26, 6), (False, False, True, False))",'South',"[(((26, 6), (False, False, True, False)), 'North', 1), (((26, 4), (False, False, True, False)), 'South', 1)]",27,27,616,53,46,99
590,"((13, 10), (True, True, False, False))","((12, 10), (True, True, False, False))",'East',"[(((14, 10), (True, True, False, False)), 'East', 1), (((12, 10), (True, True, False, False)), 'West', 1)]",27,27,617,67,32,99
591,"((26, 4), (False, False, True, False))","((26, 5), (False, False, True, False))",'South',"[(((26, 5), (False, False, True, False)), 'North', 1), (((26, 3), (False, False, True, False)), 'South', 1), (((25, 4), (False, False, True, False)), 'West', 1)]",27,28,619,54,45,99
592,"((14, 10), (True, True, False, False))","((13, 10), (True, True, False, False))",'East',"[(((15, 10), (True, True, False, False)), 'East', 1), (((13, 10), (True, True, False, False)), 'West', 1)]",28,28,620,68,31,99
593,"((25, 4), (False, False, True, False))","((26, 4), (False, False, True, False))",'West',"[(((26, 4), (False, False, True, False)), 'East', 1), (((24, 4), (False, False, True, False)), 'West', 1)]",28,28,621,55,44,99
594,"((15, 10), (True, True, False, False))","((14, 10), (True, True, False, False))",'East',"[(((15, 9), (True, True, False, False)), 'South', 1), (((16, 10), (True, True, False, False)), 'East', 1), (((14, 10), (True, True, False, False)), 'West', 1)]",28,29,623,69,30,99
595,"((24, 4), (False, False, True, False))","((25, 4), (False, False, True, False))",'West',"[(((24, 5), (False, False, True, False)), 'North', 1), (((25, 4), (False, False, True, False)), 'East', 1), (((23, 4), (False, False, True, False)), 'West', 1)]",29,30,625,56,43,99
596,"((15, 9), (True, True, False, False))","((15, 10), (True, True, False, False))",'South',"[(((15, 10), (True, True, False, False)), 'North', 1), (((15, 8), (True, True, False, False)), 'South', 1)]",30,30,626,70,29,99
597,"((24, 5), (False, False, True, False))","((24, 4), (False, False, True, False))",'North',"[(((24, 6), (False, False, True, False)), 'North', 1), (((24, 4), (False, False, True, False)), 'South', 1)]",30,30,627,57,42,99
598,"((15, 8), (True, True, False, False))","((15, 9), (True, True, False, False))",'South',"[(((15, 9), (True, True, False, False)), 'North', 1), (((16, 8), (True, True, False, False)), 'East', 1)]",30,30,628,71,28,99
599,"((24, 6), (False, False, True, False))","((24, 5), (False, False, True, False))",'North',"[(((24, 7), (False, False, True, False)), 'North', 1), (((24, 5), (False, False, True, False)), 'South', 1)]",30,30,629,58,41,99
600,"((16, 8), (True, True, False, False))","((15, 8), (True, True, False, False))",'East',"[(((17, 8), (True, True, False, False)), 'East', 1), (((15, 8), (True, True, False, False)), 'West', 1)]",30,30,630,72,27,99
601,"((24, 7), (False, False, True, False))","((24, 6), (False, False, True, False))",'North',"[(((24, 8), (False, False, True, False)), 'North', 1), (((24, 6), (False, False, True, False)), 'South', 1)]",30,30,631,59,40,99
602,"((17, 8), (True, True, False, False))","((16, 8), (True, True, False, False))",'East',"[(((18, 8), (True, True, False, False)), 'East', 1), (((16, 8), (True, True, False, False)), 'West', 1)]",30,30,632,73,26,99
603,"((24, 8), (False, False, True, False))","((24, 7), (False, False, True, False))",'North',"[(((24, 9), (False, False, True, False)), 'North', 1), (((24, 7), (False, False, True, False)), 'South', 1), (((23, 8), (False, False, True, False)), 'West', 1)]",30,31,634,60,39,99
604,"((18, 8), (True, True, False, False))","((17, 8), (True, True, False, False))",'East',"[(((18, 9), (True, True, False, False)), 'North', 1), (((17, 8), (True, True, False, False)), 'West', 1)]",31,31,635,74,25,99
605,"((23, 8), (False, False, True, False))","((24, 8), (False, False, True, False))",'West',"[(((24, 8), (False, False, True, False)), 'East', 1), (((22, 8), (False, False, True, False)), 'West', 1)]",31,31,636,61,38,99
606,"((18, 9), (True, True, False, False))","((18, 8), (True, True, False, False))",'North',"[(((18, 10), (True, True, False, False)), 'North', 1), (((18, 8), (True, True, False, False)), 'South', 1)]",31,31,637,75,24,99
607,"((22, 8), (False, False, True, False))","((23, 8), (False, False, True, False))",'West',"[(((23, 8), (False, False, True, False)), 'East', 1), (((21, 8), (False, False, True, False)), 'West', 1)]",31,31,638,62,37,99
608,"((18, 10), (True, True, False, False))","((18, 9), (True, True, False, False))",'North',"[(((18, 11), (True, True, False, False)), 'North', 1), (((18, 9), (True, True, False, False)), 'South', 1), (((19, 10), (True, True, False, False)), 'East', 1)]",31,32,640,76,23,99
609,"((21, 8), (False, False, True, False))","((22, 8), (False, False, True, False))",'West',"[(((22, 8), (False, False, True, False)), 'East', 1), (((20, 8), (False, False, True, False)), 'West', 1)]",32,32,641,63,36,99
610,"((18, 11), (True, True, False, False))","((18, 10), (True, True, False, False))",'North',"[(((18, 12), (True, True, False, False)), 'North', 1), (((18, 10), (True, True, False, False)), 'South', 1)]",32,32,642,77,22,99
611,"((20, 8), (False, False, True, False))","((21, 8), (False, False, True, False))",'West',"[(((20, 7), (False, False, True, False)), 'South', 1), (((21, 8), (False, False, True, False)), 'East', 1)]",32,32,643,64,35,99
612,"((18, 12), (True, True, False, False))","((18, 11), (True, True, False, False))",'North',"[(((18, 11), (True, True, False, False)), 'South', 1), (((19, 12), (True, True, False, False)), 'East', 1), (((17, 12), (True, True, False, False)), 'West', 1)]",32,33,645,78,21,99
613,"((20, 7), (False, False, True, False))","((20, 8), (False, False, True, False))",'South',"[(((20, 8), (False, False, True, False)), 'North', 1), (((20, 6), (False, False, True, False)), 'South', 1)]",33,33,646,65,34,99
614,"((19, 12), (True, True, False, False))","((18, 12), (True, True, False, False))",'East',"[(((20, 12), (True, True, False, False)), 'East', 1), (((18, 12), (True, True, False, False)), 'West', 1)]",33,33,647,79,20,99
615,"((20, 6), (False, False, True, False))","((20, 7), (False, False, True, False))",'South',"[(((20, 7), (False, False, True, False)), 'North', 1), (((19, 6), (False, False, True, False)), 'West', 1)]",33,33,648,66,33,99
616,"((20, 12), (True, True, False, False))","((19, 12), (True, True, False, False))",'East',"[(((21, 12), (True, True, False, False)), 'East', 1), (((19, 12), (True, True, False, False)), 'West', 1)]",33,33,649,80,19,99
617,"((19, 6), (False, False, True, False))","((20, 6), (False, False, True, False))",'West',"[(((20, 6), (False, False, True, False)), 'East', 1), (((18, 6), (False, False, True, False)), 'West', 1)]",33,33,650,67,32,99
618,"((21, 12), (True, True, False, False))","((20, 12), (True, True, False, False))",'East',"[(((22, 12), (True, True, False, False)), 'East', 1), (((20, 12), (True, True, False, False)), 'West', 1)]",33,33,651,81,18,99
619,"((18, 6), (False, False, True, False))","((19, 6), (False, False, True, False))",'West',"[(((18, 5), (False, False, True, False)), 'South', 1), (((19, 6), (False, False, True, False)), 'East', 1), (((17, 6), (False, False, True, False)), 'West', 1)]",33,34,653,68,31,99
620,"((22, 12), (True, True, False, False))","((21, 12), (True, True, False, False))",'East',"[(((23, 12), (True, True, False, False)), 'East', 1), (((21, 12), (True, True, False, False)), 'West', 1)]",34,34,654,82,17,99
621,"((18, 5), (False, False, True, False))","((18, 6), (False, False, True, False))",'South',"[(((18, 6), (False, False, True, False)), 'North', 1), (((18, 4), (False, False, True, False)), 'South', 1)]",34,34,655,69,30,99
622,"((23, 12), (True, True, False, False))","((22, 12), (True, True, False, False))",'East',"[(((24, 12), (True, True, False, False)), 'East', 1), (((22, 12), (True, True, False, False)), 'West', 1)]",34,34,656,83,16,99
623,"((24, 12), (True, True, False, False))","((23, 12), (True, True, False, False))",'East',"[(((25, 12), (True, True, False, False)), 'East', 1), (((23, 12), (True, True, False, False)), 'West', 1)]",34,34,657,84,15,99
624,"((25, 12), (True, True, False, False))","((24, 12), (True, True, False, False))",'East',"[(((26, 12), (True, True, False, False)), 'East', 1), (((24, 12), (True, True, False, False)), 'West', 1)]",34,34,658,85,14,99
625,"((26, 12), (True, True, False, False))","((25, 12), (True, True, False, False))",'East',"[(((26, 11), (True, True, False, False)), 'South', 1), (((25, 12), (True, True, False, False)), 'West', 1)]",34,34,659,86,13,99
626,"((26, 11), (True, True, False, False))","((26, 12), (True, True, False, False))",'South',"[(((26, 12), (True, True, False, False)), 'North', 1), (((26, 10), (True, True, False, False)), 'South', 1)]",34,34,660,87,12,99
627,"((26, 10), (True, True, False, False))","((26, 11), (True, True, False, False))",'South',"[(((26, 11), (True, True, False, False)), 'North', 1), (((26, 9), (True, True, False, False)), 'South', 1), (((27, 10), (True, True, False, False)), 'East', 1)]",34,35,661,88,11,99
628,"((26, 9), (True, True, False, False))","((26, 10), (True, True, False, False))",'South',"[(((26, 10), (True, True, False, False)), 'North', 1), (((26, 8), (True, True, False, False)), 'South', 1)]",35,34,661,89,10,99
629,"((24, 10), (False, True, False, False))","((24, 9), (False, True, False, False))",'North',"[(((24, 9), (False, True, False, False)), 'South', 1)]",34,33,661,64,36,100
630,"((24, 6), (False, True, False, False))","((24, 7), (False, True, False, False))",'South',"[(((24, 7), (False, True, False, False)), 'North', 1), (((24, 5), (False, True, False, False)), 'South', 1)]",33,33,662,64,36,100
631,"((18, 12), (False, True, False, False))","((18, 11), (False, True, False, False))",'North',"[(((18, 11), (False, True, False, False)), 'South', 1), (((19, 12), (False, True, False, False)), 'East', 1), (((17, 12), (False, True, False, False)), 'West', 1)]",33,34,664,64,36,100
632,"((20, 10), (False, True, False, False))","((19, 10), (False, True, False, False))",'East',"[(((21, 10), (False, True, False, False)), 'East', 1), (((19, 10), (False, True, False, False)), 'West', 1)]",34,34,665,64,36,100
633,"((1, 6), (True, True, False, False))","((2, 6), (True, True, False, False))",'West',"[(((1, 7), (True, True, False, False)), 'North', 1), (((2, 6), (True, True, False, False)), 'East', 1)]",34,34,666,51,49,100
634,"((7, 8), (True, True, False, False))","((7, 7), (True, True, False, False))",'North',"[(((7, 7), (True, True, False, False)), 'South', 1)]",34,33,666,51,49,100
635,"((7, 2), (True, True, False, False))","((8, 2), (True, True, False, False))",'West',"[(((8, 2), (True, True, False, False)), 'East', 1), (((6, 2), (True, True, False, False)), 'West', 1)]",33,33,667,57,43,100
636,"((18, 2), (True, True, False, False))","((18, 3), (True, True, False, False))",'South',"[(((18, 3), (True, True, False, False)), 'North', 1), (((18, 1), (True, True, False, False)), 'South', 1)]",33,33,668,68,32,100
637,"((20, 4), (True, True, False, False))","((19, 4), (True, True, False, False))",'East',"[(((19, 4), (True, True, False, False)), 'West', 1)]",33,32,668,68,32,100
638,"((16, 6), (True, True, False, False))","((17, 6), (True, True, False, False))",'West',"[(((17, 6), (True, True, False, False)), 'East', 1)]",32,31,668,70,30,100
639,"((24, 10), (True, True, False, False))","((24, 9), (True, True, False, False))",'North',"[(((24, 9), (True, True, False, False)), 'South', 1)]",31,30,668,78,22,100
640,"((22, 4), (True, True, False, False))","((23, 4), (True, True, False, False))",'West',"[(((22, 5), (True, True, False, False)), 'North', 1), (((22, 3), (True, True, False, False)), 'South', 1), (((23, 4), (True, True, False, False)), 'East', 1)]",30,31,670,82,18,100
641,"((28, 4), (True, True, False, False))","((28, 5), (True, True, False, False))",'South',"[(((28, 5), (True, True, False, False)), 'North', 1), (((28, 3), (True, True, False, False)), 'South', 1)]",31,31,671,88,12,100
642,"((18, 4), (False, False, True, False))","((18, 5), (False, False, True, False))",'South',"[(((18, 5), (False, False, True, False)), 'North', 1), (((18, 3), (False, False, True, False)), 'South', 1), (((19, 4), (False, False, True, False)), 'East', 1), (((17, 4), (False, False, True, False)), 'West', 1)]",31,33,674,70,30,100
643,"((27, 1), (False, False, True, False))","((28, 1), (False, False, True, False))",'West',"[(((28, 1), (False, False, True, False)), 'East', 1), (((26, 1), (False, False, True, False)), 'West', 1)]",33,33,675,46,55,101
644,"((28, 12), (False, False, False, True))","((28, 11), (False, False, False, False))",'North',"[(((28, 11), (False, False, False, True)), 'South', 1)]",33,33,676,46,55,101
645,"((25, 4), (True, False, False, False))","((24, 4), (True, False, False, False))",'East',"[(((26, 4), (True, False, False, False)), 'East', 1), (((24, 4), (True, False, False, False)), 'West', 1)]",33,33,677,57,44,101
646,"((23, 4), (True, False, False, False))","((24, 4), (True, False, False, False))",'West',"[(((24, 4), (True, False, False, False)), 'East', 1), (((22, 4), (True, False, False, False)), 'West', 1)]",33,33,678,57,44,101
647,"((21, 12), (True, False, False, False))","((20, 12), (True, False, False, False))",'East',"[(((22, 12), (True, False, False, False)), 'East', 1), (((20, 12), (True, False, False, False)), 'West', 1)]",33,33,679,57,44,101
648,"((15, 12), (True, False, False, False))","((16, 12), (True, False, False, False))",'West',"[(((16, 12), (True, False, False, False)), 'East', 1), (((14, 12), (True, False, False, False)), 'West', 1)]",33,33,680,57,44,101
649,"((26, 9), (True, True, False, False))","((26, 8), (True, True, False, False))",'North',"[(((26, 10), (True, True, False, False)), 'North', 1), (((26, 8), (True, True, False, False)), 'South', 1)]",33,32,680,89,10,99
650,"((10, 6), (True, True, False, False))","((11, 6), (True, True, False, False))",'West',"[(((11, 6), (True, True, False, False)), 'East', 1), (((9, 6), (True, True, False, False)), 'West', 1)]",32,32,681,62,39,101
651,"((12, 8), (True, True, False, False))","((11, 8), (True, True, False, False))",'East',"[(((13, 8), (True, True, False, False)), 'East', 1), (((11, 8), (True, True, False, False)), 'West', 1)]",32,32,682,64,37,101
652,"((28, 7), (False, False, True, False))","((28, 6), (False, False, True, False))",'North',"[(((28, 8), (False, False, True, False)), 'North', 1), (((28, 6), (False, False, True, False)), 'South', 1)]",32,32,683,51,50,101
653,"((11, 11), (True, True, False, False))","((11, 10), (True, True, False, False))",'North',"[(((11, 12), (True, True, False, False)), 'North', 1), (((11, 10), (True, True, False, False)), 'South', 1)]",32,32,684,66,35,101
654,"((10, 10), (True, True, False, False))","((11, 10), (True, True, False, False))",'West',"[(((11, 10), (True, True, False, False)), 'East', 1), (((9, 10), (True, True, False, False)), 'West', 1)]",32,32,685,66,35,101
655,"((26, 3), (False, False, True, False))","((26, 4), (False, False, True, False))",'South',"[(((26, 4), (False, False, True, False)), 'North', 1)]",32,31,685,55,46,101
656,"((16, 10), (True, True, False, False))","((15, 10), (True, True, False, False))",'East',"[(((15, 10), (True, True, False, False)), 'West', 1)]",31,30,685,70,31,101
657,"((23, 4), (False, False, True, False))","((24, 4), (False, False, True, False))",'West',"[(((24, 4), (False, False, True, False)), 'East', 1), (((22, 4), (False, False, True, False)), 'West', 1)]",30,30,686,57,44,101
658,"((24, 9), (False, False, True, False))","((24, 8), (False, False, True, False))",'North',"[(((24, 10), (False, False, True, False)), 'North', 1), (((24, 8), (False, False, True, False)), 'South', 1)]",30,30,687,61,40,101
659,"((19, 10), (True, True, False, False))","((18, 10), (True, True, False, False))",'East',"[(((20, 10), (True, True, False, False)), 'East', 1), (((18, 10), (True, True, False, False)), 'West', 1)]",30,30,688,77,24,101
660,"((17, 12), (True, True, False, False))","((18, 12), (True, True, False, False))",'West',"[(((18, 12), (True, True, False, False)), 'East', 1), (((16, 12), (True, True, False, False)), 'West', 1)]",30,30,689,79,22,101
661,"((17, 6), (False, False, True, False))","((18, 6), (False, False, True, False))",'West',"[(((18, 6), (False, False, True, False)), 'East', 1), (((16, 6), (False, False, True, False)), 'West', 1)]",30,30,690,69,32,101
662,"((27, 10), (True, True, False, False))","((26, 10), (True, True, False, False))",'East',"[(((28, 10), (True, True, False, False)), 'East', 1), (((26, 10), (True, True, False, False)), 'West', 1)]",30,30,691,89,12,101
663,"((28, 11), (False, False, False, True))","((28, 12), (False, False, False, True))",'South',"[(((28, 12), (False, False, False, True)), 'North', 1), (((28, 10), (False, False, False, True)), 'South', 1)]",30,30,692,47,54,101
664,"((28, 10), (False, False, False, True))","((28, 11), (False, False, False, True))",'South',"[(((28, 11), (False, False, False, True)), 'North', 1), (((27, 10), (False, False, False, True)), 'West', 1)]",30,30,693,48,53,101
665,"((27, 10), (False, False, False, True))","((28, 10), (False, False, False, True))",'West',"[(((28, 10), (False, False, False, True)), 'East', 1), (((26, 10), (False, False, False, True)), 'West', 1)]",30,30,694,49,52,101
666,"((26, 10), (False, False, False, True))","((27, 10), (False, False, False, True))",'West',"[(((26, 11), (False, False, False, True)), 'North', 1), (((26, 9), (False, False, False, True)), 'South', 1), (((27, 10), (False, False, False, True)), 'East', 1)]",30,31,696,50,51,101
667,"((26, 11), (False, False, False, True))","((26, 10), (False, False, False, True))",'North',"[(((26, 12), (False, False, False, True)), 'North', 1), (((26, 10), (False, False, False, True)), 'South', 1)]",31,31,697,51,50,101
668,"((26, 12), (False, False, False, True))","((26, 11), (False, False, False, True))",'North',"[(((26, 11), (False, False, False, True)), 'South', 1), (((25, 12), (False, False, False, True)), 'West', 1)]",31,31,698,52,49,101
669,"((25, 12), (False, False, False, True))","((26, 12), (False, False, False, True))",'West',"[(((26, 12), (False, False, False, True)), 'East', 1), (((24, 12), (False, False, False, True)), 'West', 1)]",31,31,699,53,48,101
670,"((24, 12), (False, False, False, True))","((25, 12), (False, False, False, True))",'West',"[(((25, 12), (False, False, False, True)), 'East', 1), (((23, 12), (False, False, False, True)), 'West', 1)]",31,31,700,54,47,101
671,"((23, 12), (False, False, False, True))","((24, 12), (False, False, False, True))",'West',"[(((24, 12), (False, False, False, True)), 'East', 1), (((22, 12), (False, False, False, True)), 'West', 1)]",31,31,701,55,46,101
672,"((22, 12), (False, False, False, True))","((23, 12), (False, False, False, True))",'West',"[(((23, 12), (False, False, False, True)), 'East', 1), (((21, 12), (False, False, False, True)), 'West', 1)]",31,31,702,56,45,101
673,"((21, 12), (False, False, False, True))","((22, 12), (False, False, False, True))",'West',"[(((22, 12), (False, False, False, True)), 'East', 1), (((20, 12), (False, False, False, True)), 'West', 1)]",31,31,703,57,44,101
674,"((20, 12), (False, False, False, True))","((21, 12), (False, False, False, True))",'West',"[(((21, 12), (False, False, False, True)), 'East', 1), (((19, 12), (False, False, False, True)), 'West', 1)]",31,31,704,58,43,101
675,"((19, 12), (False, False, False, True))","((20, 12), (False, False, False, True))",'West',"[(((20, 12), (False, False, False, True)), 'East', 1), (((18, 12), (False, False, False, True)), 'West', 1)]",31,31,705,59,42,101
676,"((18, 12), (False, False, False, True))","((19, 12), (False, False, False, True))",'West',"[(((18, 11), (False, False, False, True)), 'South', 1), (((19, 12), (False, False, False, True)), 'East', 1), (((17, 12), (False, False, False, True)), 'West', 1)]",31,32,707,60,41,101
677,"((18, 11), (False, False, False, True))","((18, 12), (False, False, False, True))",'South',"[(((18, 12), (False, False, False, True)), 'North', 1), (((18, 10), (False, False, False, True)), 'South', 1)]",32,32,708,61,40,101
678,"((18, 10), (False, False, False, True))","((18, 11), (False, False, False, True))",'South',"[(((18, 11), (False, False, False, True)), 'North', 1), (((18, 9), (False, False, False, True)), 'South', 1), (((19, 10), (False, False, False, True)), 'East', 1)]",32,33,710,62,39,101
679,"((18, 9), (False, False, False, True))","((18, 10), (False, False, False, True))",'South',"[(((18, 10), (False, False, False, True)), 'North', 1), (((18, 8), (False, False, False, True)), 'South', 1)]",33,33,711,63,38,101
680,"((18, 8), (False, False, False, True))","((18, 9), (False, False, False, True))",'South',"[(((18, 9), (False, False, False, True)), 'North', 1), (((17, 8), (False, False, False, True)), 'West', 1)]",33,33,712,64,37,101
681,"((17, 8), (False, False, False, True))","((18, 8), (False, False, False, True))",'West',"[(((18, 8), (False, False, False, True)), 'East', 1), (((16, 8), (False, False, False, True)), 'West', 1)]",33,33,713,65,36,101
682,"((16, 8), (False, False, False, True))","((17, 8), (False, False, False, True))",'West',"[(((17, 8), (False, False, False, True)), 'East', 1), (((15, 8), (False, False, False, True)), 'West', 1)]",33,33,714,66,35,101
683,"((15, 8), (False, False, False, True))","((16, 8), (False, False, False, True))",'West',"[(((15, 9), (False, False, False, True)), 'North', 1), (((16, 8), (False, False, False, True)), 'East', 1)]",33,33,715,67,34,101
684,"((15, 9), (False, False, False, True))","((15, 8), (False, False, False, True))",'North',"[(((15, 10), (False, False, False, True)), 'North', 1), (((15, 8), (False, False, False, True)), 'South', 1)]",33,33,716,68,33,101
685,"((15, 10), (False, False, False, True))","((15, 9), (False, False, False, True))",'North',"[(((15, 9), (False, False, False, True)), 'South', 1), (((16, 10), (False, False, False, True)), 'East', 1), (((14, 10), (False, False, False, True)), 'West', 1)]",33,34,718,69,32,101
686,"((14, 10), (False, False, False, True))","((15, 10), (False, False, False, True))",'West',"[(((15, 10), (False, False, False, True)), 'East', 1), (((13, 10), (False, False, False, True)), 'West', 1)]",34,34,719,70,31,101
687,"((24, 5), (False, True, False, False))","((24, 6), (False, True, False, False))",'South',"[(((24, 6), (False, True, False, False)), 'North', 1), (((24, 4), (False, True, False, False)), 'South', 1)]",34,34,720,65,37,102
688,"((19, 12), (False, True, False, False))","((18, 12), (False, True, False, False))",'East',"[(((20, 12), (False, True, False, False)), 'East', 1), (((18, 12), (False, True, False, False)), 'West', 1)]",34,34,721,65,37,102
689,"((17, 12), (False, True, False, False))","((18, 12), (False, True, False, False))",'West',"[(((18, 12), (False, True, False, False)), 'East', 1), (((16, 12), (False, True, False, False)), 'West', 1)]",34,34,722,65,37,102
690,"((21, 10), (False, True, False, False))","((20, 10), (False, True, False, False))",'East',"[(((22, 10), (False, True, False, False)), 'East', 1), (((20, 10), (False, True, False, False)), 'West', 1)]",34,34,723,65,37,102
691,"((1, 7), (True, True, False, False))","((1, 6), (True, True, False, False))",'North',"[(((1, 8), (True, True, False, False)), 'North', 1), (((1, 6), (True, True, False, False)), 'South', 1)]",34,34,724,52,50,102
692,"((6, 2), (True, True, False, False))","((7, 2), (True, True, False, False))",'West',"[(((7, 2), (True, True, False, False)), 'East', 1), (((5, 2), (True, True, False, False)), 'West', 1)]",34,34,725,58,44,102
693,"((18, 1), (True, True, False, False))","((18, 2), (True, True, False, False))",'South',"[(((18, 2), (True, True, False, False)), 'North', 1)]",34,33,725,69,33,102
694,"((22, 5), (True, True, False, False))","((22, 4), (True, True, False, False))",'North',"[(((22, 6), (True, True, False, False)), 'North', 1), (((22, 4), (True, True, False, False)), 'South', 1)]",33,33,726,83,19,102
695,"((22, 3), (True, True, False, False))","((22, 4), (True, True, False, False))",'South',"[(((22, 4), (True, True, False, False)), 'North', 1), (((22, 2), (True, True, False, False)), 'South', 1)]",33,33,727,83,19,102
696,"((28, 3), (True, True, False, False))","((28, 4), (True, True, False, False))",'South',"[(((28, 4), (True, True, False, False)), 'North', 1), (((28, 2), (True, True, False, False)), 'South', 1)]",33,33,728,89,13,102
697,"((18, 3), (False, False, True, False))","((18, 4), (False, False, True, False))",'South',"[(((18, 4), (False, False, True, False)), 'North', 1), (((18, 2), (False, False, True, False)), 'South', 1)]",33,33,729,71,31,102
698,"((19, 4), (False, False, True, False))","((18, 4), (False, False, True, False))",'East',"[(((20, 4), (False, False, True, False)), 'East', 1), (((18, 4), (False, False, True, False)), 'West', 1)]",33,33,730,71,31,102
699,"((17, 4), (False, False, True, False))","((18, 4), (False, False, True, False))",'West',"[(((18, 4), (False, False, True, False)), 'East', 1), (((16, 4), (False, False, True, False)), 'West', 1)]",33,33,731,71,31,102
700,"((26, 1), (False, False, True, False))","((27, 1), (False, False, True, False))",'West',"[(((27, 1), (False, False, True, False)), 'East', 1), (((25, 1), (False, False, True, False)), 'West', 1)]",33,33,732,47,56,103
701,"((26, 4), (True, False, False, False))","((25, 4), (True, False, False, False))",'East',"[(((26, 5), (True, False, False, False)), 'North', 1), (((26, 3), (True, False, False, False)), 'South', 1), (((25, 4), (True, False, False, False)), 'West', 1)]",33,34,734,58,45,103
702,"((22, 4), (True, False, False, False))","((23, 4), (True, False, False, False))",'West',"[(((22, 5), (True, False, False, False)), 'North', 1), (((22, 3), (True, False, False, False)), 'South', 1), (((23, 4), (True, False, False, False)), 'East', 1)]",34,35,736,58,45,103
703,"((22, 12), (True, False, False, False))","((21, 12), (True, False, False, False))",'East',"[(((23, 12), (True, False, False, False)), 'East', 1), (((21, 12), (True, False, False, False)), 'West', 1)]",35,35,737,58,45,103
704,"((14, 12), (True, False, False, False))","((15, 12), (True, False, False, False))",'West',"[(((15, 12), (True, False, False, False)), 'East', 1), (((13, 12), (True, False, False, False)), 'West', 1)]",35,35,738,58,45,103
705,"((9, 6), (True, True, False, False))","((10, 6), (True, True, False, False))",'West',"[(((9, 7), (True, True, False, False)), 'North', 1), (((10, 6), (True, True, False, False)), 'East', 1)]",35,35,739,63,40,103
706,"((13, 8), (True, True, False, False))","((12, 8), (True, True, False, False))",'East',"[(((12, 8), (True, True, False, False)), 'West', 1)]",35,34,739,65,38,103
707,"((28, 8), (False, False, True, False))","((28, 7), (False, False, True, False))",'North',"[(((28, 7), (False, False, True, False)), 'South', 1), (((27, 8), (False, False, True, False)), 'West', 1)]",34,34,740,52,51,103
708,"((11, 12), (True, True, False, False))","((11, 11), (True, True, False, False))",'North',"[(((11, 11), (True, True, False, False)), 'South', 1)]",34,33,740,67,36,103
709,"((9, 10), (True, True, False, False))","((10, 10), (True, True, False, False))",'West',"[(((9, 11), (True, True, False, False)), 'North', 1), (((10, 10), (True, True, False, False)), 'East', 1)]",33,33,741,67,36,103
710,"((22, 4), (False, False, True, False))","((23, 4), (False, False, True, False))",'West',"[(((22, 5), (False, False, True, False)), 'North', 1), (((22, 3), (False, False, True, False)), 'South', 1), (((23, 4), (False, False, True, False)), 'East', 1)]",33,34,743,58,45,103
711,"((24, 10), (False, False, True, False))","((24, 9), (False, False, True, False))",'North',"[(((24, 9), (False, False, True, False)), 'South', 1)]",34,33,743,62,41,103
712,"((20, 10), (True, True, False, False))","((19, 10), (True, True, False, False))",'East',"[(((21, 10), (True, True, False, False)), 'East', 1), (((19, 10), (True, True, False, False)), 'West', 1)]",33,33,744,78,25,103
713,"((16, 12), (True, True, False, False))","((17, 12), (True, True, False, False))",'West',"[(((17, 12), (True, True, False, False)), 'East', 1), (((15, 12), (True, True, False, False)), 'West', 1)]",33,33,745,80,23,103
714,"((16, 6), (False, False, True, False))","((17, 6), (False, False, True, False))",'West',"[(((17, 6), (False, False, True, False)), 'East', 1)]",33,32,745,70,33,103
715,"((28, 10), (True, True, False, False))","((27, 10), (True, True, False, False))",'East',"[(((28, 11), (True, True, False, False)), 'North', 1), (((27, 10), (True, True, False, False)), 'West', 1)]",32,32,746,90,13,103
716,"((26, 9), (False, False, False, True))","((26, 10), (False, False, False, True))",'South',"[(((26, 10), (False, False, False, True)), 'North', 1), (((26, 8), (False, False, False, True)), 'South', 1)]",32,32,747,51,52,103
717,"((17, 12), (False, False, False, True))","((18, 12), (False, False, False, True))",'West',"[(((18, 12), (False, False, False, True)), 'East', 1), (((16, 12), (False, False, False, True)), 'West', 1)]",32,32,748,61,42,103
718,"((19, 10), (False, False, False, True))","((18, 10), (False, False, False, True))",'East',"[(((20, 10), (False, False, False, True)), 'East', 1), (((18, 10), (False, False, False, True)), 'West', 1)]",32,32,749,63,40,103
719,"((16, 10), (False, False, False, True))","((15, 10), (False, False, False, True))",'East',"[(((15, 10), (False, False, False, True)), 'West', 1)]",32,31,749,70,33,103
720,"((13, 10), (False, False, False, True))","((14, 10), (False, False, False, True))",'West',"[(((14, 10), (False, False, False, True)), 'East', 1), (((12, 10), (False, False, False, True)), 'West', 1)]",31,31,750,71,32,103
721,"((24, 4), (False, True, False, False))","((24, 5), (False, True, False, False))",'South',"[(((24, 5), (False, True, False, False)), 'North', 1), (((25, 4), (False, True, False, False)), 'East', 1), (((23, 4), (False, True, False, False)), 'West', 1)]",31,32,752,66,38,104
722,"((20, 12), (False, True, False, False))","((19, 12), (False, True, False, False))",'East',"[(((21, 12), (False, True, False, False)), 'East', 1), (((19, 12), (False, True, False, False)), 'West', 1)]",32,32,753,66,38,104
723,"((16, 12), (False, True, False, False))","((17, 12), (False, True, False, False))",'West',"[(((17, 12), (False, True, False, False)), 'East', 1), (((15, 12), (False, True, False, False)), 'West', 1)]",32,32,754,66,38,104
724,"((22, 10), (False, True, False, False))","((21, 10), (False, True, False, False))",'East',"[(((21, 10), (False, True, False, False)), 'West', 1)]",32,31,754,66,38,104
725,"((1, 8), (True, True, False, False))","((1, 7), (True, True, False, False))",'North',"[(((1, 7), (True, True, False, False)), 'South', 1), (((2, 8), (True, True, False, False)), 'East', 1)]",31,31,755,53,51,104
726,"((5, 2), (True, True, False, False))","((6, 2), (True, True, False, False))",'West',"[(((5, 1), (True, True, False, False)), 'South', 1), (((6, 2), (True, True, False, False)), 'East', 1)]",31,31,756,59,45,104
727,"((22, 6), (True, True, False, False))","((22, 5), (True, True, False, False))",'North',"[(((22, 5), (True, True, False, False)), 'South', 1)]",31,30,756,84,20,104
728,"((22, 2), (True, True, False, False))","((22, 3), (True, True, False, False))",'South',"[(((22, 3), (True, True, False, False)), 'North', 1), (((22, 1), (True, True, False, False)), 'South', 1), (((21, 2), (True, True, False, False)), 'West', 1)]",30,31,758,84,20,104
729,"((28, 2), (True, True, False, False))","((28, 3), (True, True, False, False))",'South',"[(((28, 3), (True, True, False, False)), 'North', 1), (((28, 1), (True, True, True, False)), 'South', 1)]",31,31,759,90,14,104
730,"((18, 2), (False, False, True, False))","((18, 3), (False, False, True, False))",'South',"[(((18, 3), (False, False, True, False)), 'North', 1), (((18, 1), (False, False, True, False)), 'South', 1)]",31,31,760,72,32,104
731,"((20, 4), (False, False, True, False))","((19, 4), (False, False, True, False))",'East',"[(((19, 4), (False, False, True, False)), 'West', 1)]",31,30,760,72,32,104
732,"((16, 4), (False, False, True, False))","((17, 4), (False, False, True, False))",'West',"[(((16, 3), (False, False, True, False)), 'South', 1), (((17, 4), (False, False, True, False)), 'East', 1)]",30,30,761,72,32,104
733,"((25, 1), (False, False, True, False))","((26, 1), (False, False, True, False))",'West',"[(((26, 1), (False, False, True, False)), 'East', 1), (((24, 1), (False, False, True, False)), 'West', 1)]",30,30,762,48,57,105
734,"((26, 5), (True, False, False, False))","((26, 4), (True, False, False, False))",'North',"[(((26, 6), (True, False, False, False)), 'North', 1), (((26, 4), (True, False, False, False)), 'South', 1)]",30,30,763,59,46,105
735,"((26, 3), (True, False, False, False))","((26, 4), (True, False, False, False))",'South',"[(((26, 4), (True, False, False, False)), 'North', 1)]",30,29,763,59,46,105
736,"((22, 5), (True, False, False, False))","((22, 4), (True, False, False, False))",'North',"[(((22, 6), (True, False, False, False)), 'North', 1), (((22, 4), (True, False, False, False)), 'South', 1)]",29,29,764,59,46,105
737,"((22, 3), (True, False, False, False))","((22, 4), (True, False, False, False))",'South',"[(((22, 4), (True, False, False, False)), 'North', 1), (((22, 2), (True, False, False, False)), 'South', 1)]",29,29,765,59,46,105
738,"((23, 12), (True, False, False, False))","((22, 12), (True, False, False, False))",'East',"[(((24, 12), (True, False, False, False)), 'East', 1), (((22, 12), (True, False, False, False)), 'West', 1)]",29,29,766,59,46,105
739,"((13, 12), (True, False, False, False))","((14, 12), (True, False, False, False))",'West',"[(((14, 12), (True, False, False, False)), 'East', 1)]",29,28,766,59,46,105
740,"((9, 7), (True, True, False, False))","((9, 6), (True, True, False, False))",'North',"[(((9, 8), (True, True, False, False)), 'North', 1), (((9, 6), (True, True, False, False)), 'South', 1)]",28,28,767,64,41,105
741,"((27, 8), (False, False, True, False))","((28, 8), (False, False, True, False))",'West',"[(((28, 8), (False, False, True, False)), 'East', 1), (((26, 8), (False, False, True, False)), 'West', 1)]",28,28,768,53,52,105
742,"((9, 11), (True, True, False, False))","((9, 10), (True, True, False, False))",'North',"[(((9, 12), (True, True, False, False)), 'North', 1), (((9, 10), (True, True, False, False)), 'South', 1)]",28,28,769,68,37,105
743,"((22, 5), (False, False, True, False))","((22, 4), (False, False, True, False))",'North',"[(((22, 6), (False, False, True, False)), 'North', 1), (((22, 4), (False, False, True, False)), 'South', 1)]",28,28,770,59,46,105
744,"((22, 3), (False, False, True, False))","((22, 4), (False, False, True, False))",'South',"[(((22, 4), (False, False, True, False)), 'North', 1), (((22, 2), (False, False, True, False)), 'South', 1)]",28,28,771,59,46,105
745,"((21, 10), (True, True, False, False))","((20, 10), (True, True, False, False))",'East',"[(((22, 10), (True, True, False, False)), 'East', 1), (((20, 10), (True, True, False, False)), 'West', 1)]",28,28,772,79,26,105
746,"((15, 12), (True, True, False, False))","((16, 12), (True, True, False, False))",'West',"[(((16, 12), (True, True, False, False)), 'East', 1), (((14, 12), (True, True, False, False)), 'West', 1)]",28,28,773,81,24,105
747,"((28, 11), (True, True, False, False))","((28, 10), (True, True, False, False))",'North',"[(((28, 12), (True, True, False, True)), 'North', 1), (((28, 10), (True, True, False, False)), 'South', 1)]",28,28,774,91,14,105
748,"((26, 8), (False, False, False, True))","((26, 9), (False, False, False, True))",'South',"[(((26, 9), (False, False, False, True)), 'North', 1), (((27, 8), (False, False, False, True)), 'East', 1)]",28,28,775,52,53,105
749,"((16, 12), (False, False, False, True))","((17, 12), (False, False, False, True))",'West',"[(((17, 12), (False, False, False, True)), 'East', 1), (((15, 12), (False, False, False, True)), 'West', 1)]",28,28,776,62,43,105
750,"((20, 10), (False, False, False, True))","((19, 10), (False, False, False, True))",'East',"[(((21, 10), (False, False, False, True)), 'East', 1), (((19, 10), (False, False, False, True)), 'West', 1)]",28,28,777,64,41,105
751,"((12, 10), (False, False, False, True))","((13, 10), (False, False, False, True))",'West',"[(((13, 10), (False, False, False, True)), 'East', 1), (((11, 10), (False, False, False, True)), 'West', 1)]",28,28,778,72,33,105
752,"((27, 8), (False, False, False, True))","((26, 8), (False, False, False, True))",'East',"[(((28, 8), (False, False, False, True)), 'East', 1), (((26, 8), (False, False, False, True)), 'West', 1)]",28,28,779,53,52,105
753,"((28, 8), (False, False, False, True))","((27, 8), (False, False, False, True))",'East',"[(((28, 7), (False, False, False, True)), 'South', 1), (((27, 8), (False, False, False, True)), 'West', 1)]",28,28,780,54,51,105
754,"((28, 7), (False, False, False, True))","((28, 8), (False, False, False, True))",'South',"[(((28, 8), (False, False, False, True)), 'North', 1), (((28, 6), (False, False, False, True)), 'South', 1)]",28,28,781,55,50,105
755,"((28, 6), (False, False, False, True))","((28, 7), (False, False, False, True))",'South',"[(((28, 7), (False, False, False, True)), 'North', 1), (((28, 5), (False, False, False, True)), 'South', 1), (((27, 6), (False, False, False, True)), 'West', 1)]",28,29,783,56,49,105
756,"((27, 6), (False, False, False, True))","((28, 6), (False, False, False, True))",'West',"[(((28, 6), (False, False, False, True)), 'East', 1), (((26, 6), (False, False, False, True)), 'West', 1)]",29,29,784,57,48,105
757,"((26, 6), (False, False, False, True))","((27, 6), (False, False, False, True))",'West',"[(((26, 5), (False, False, False, True)), 'South', 1), (((27, 6), (False, False, False, True)), 'East', 1)]",29,29,785,58,47,105
758,"((26, 5), (False, False, False, True))","((26, 6), (False, False, False, True))",'South',"[(((26, 6), (False, False, False, True)), 'North', 1), (((26, 4), (False, False, False, True)), 'South', 1)]",29,29,786,59,46,105
759,"((26, 4), (False, False, False, True))","((26, 5), (False, False, False, True))",'South',"[(((26, 5), (False, False, False, True)), 'North', 1), (((26, 3), (False, False, False, True)), 'South', 1), (((25, 4), (False, False, False, True)), 'West', 1)]",29,30,788,60,45,105
760,"((25, 4), (False, False, False, True))","((26, 4), (False, False, False, True))",'West',"[(((26, 4), (False, False, False, True)), 'East', 1), (((24, 4), (False, False, False, True)), 'West', 1)]",30,30,789,61,44,105
761,"((24, 4), (False, False, False, True))","((25, 4), (False, False, False, True))",'West',"[(((24, 5), (False, False, False, True)), 'North', 1), (((25, 4), (False, False, False, True)), 'East', 1), (((23, 4), (False, False, False, True)), 'West', 1)]",30,31,791,62,43,105
762,"((24, 5), (False, False, False, True))","((24, 4), (False, False, False, True))",'North',"[(((24, 6), (False, False, False, True)), 'North', 1), (((24, 4), (False, False, False, True)), 'South', 1)]",31,31,792,63,42,105
763,"((24, 6), (False, False, False, True))","((24, 5), (False, False, False, True))",'North',"[(((24, 7), (False, False, False, True)), 'North', 1), (((24, 5), (False, False, False, True)), 'South', 1)]",31,31,793,64,41,105
764,"((24, 7), (False, False, False, True))","((24, 6), (False, False, False, True))",'North',"[(((24, 8), (False, False, False, True)), 'North', 1), (((24, 6), (False, False, False, True)), 'South', 1)]",31,31,794,65,40,105
765,"((24, 8), (False, False, False, True))","((24, 7), (False, False, False, True))",'North',"[(((24, 9), (False, False, False, True)), 'North', 1), (((24, 7), (False, False, False, True)), 'South', 1), (((23, 8), (False, False, False, True)), 'West', 1)]",31,32,796,66,39,105
766,"((23, 8), (False, False, False, True))","((24, 8), (False, False, False, True))",'West',"[(((24, 8), (False, False, False, True)), 'East', 1), (((22, 8), (False, False, False, True)), 'West', 1)]",32,32,797,67,38,105
767,"((22, 8), (False, False, False, True))","((23, 8), (False, False, False, True))",'West',"[(((23, 8), (False, False, False, True)), 'East', 1), (((21, 8), (False, False, False, True)), 'West', 1)]",32,32,798,68,37,105
768,"((21, 8), (False, False, False, True))","((22, 8), (False, False, False, True))",'West',"[(((22, 8), (False, False, False, True)), 'East', 1), (((20, 8), (False, False, False, True)), 'West', 1)]",32,32,799,69,36,105
769,"((20, 8), (False, False, False, True))","((21, 8), (False, False, False, True))",'West',"[(((20, 7), (False, False, False, True)), 'South', 1), (((21, 8), (False, False, False, True)), 'East', 1)]",32,32,800,70,35,105
770,"((20, 7), (False, False, False, True))","((20, 8), (False, False, False, True))",'South',"[(((20, 8), (False, False, False, True)), 'North', 1), (((20, 6), (False, False, False, True)), 'South', 1)]",32,32,801,71,34,105
771,"((20, 6), (False, False, False, True))","((20, 7), (False, False, False, True))",'South',"[(((20, 7), (False, False, False, True)), 'North', 1), (((19, 6), (False, False, False, True)), 'West', 1)]",32,32,802,72,33,105
772,"((19, 6), (False, False, False, True))","((20, 6), (False, False, False, True))",'West',"[(((20, 6), (False, False, False, True)), 'East', 1), (((18, 6), (False, False, False, True)), 'West', 1)]",32,32,803,73,32,105
773,"((18, 6), (False, False, False, True))","((19, 6), (False, False, False, True))",'West',"[(((18, 5), (False, False, False, True)), 'South', 1), (((19, 6), (False, False, False, True)), 'East', 1), (((17, 6), (False, False, False, True)), 'West', 1)]",32,33,805,74,31,105
774,"((18, 5), (False, False, False, True))","((18, 6), (False, False, False, True))",'South',"[(((18, 6), (False, False, False, True)), 'North', 1), (((18, 4), (False, False, False, True)), 'South', 1)]",33,33,806,75,30,105
775,"((18, 4), (False, False, False, True))","((18, 5), (False, False, False, True))",'South',"[(((18, 5), (False, False, False, True)), 'North', 1), (((18, 3), (False, False, False, True)), 'South', 1), (((19, 4), (False, False, False, True)), 'East', 1), (((17, 4), (False, False, False, True)), 'West', 1)]",33,35,809,76,29,105
776,"((17, 4), (False, False, False, True))","((18, 4), (False, False, False, True))",'West',"[(((18, 4), (False, False, False, True)), 'East', 1), (((16, 4), (False, False, False, True)), 'West', 1)]",35,35,810,77,28,105
777,"((16, 4), (False, False, False, True))","((17, 4), (False, False, False, True))",'West',"[(((16, 3), (False, False, False, True)), 'South', 1), (((17, 4), (False, False, False, True)), 'East', 1)]",35,35,811,78,27,105
778,"((25, 4), (False, True, False, False))","((24, 4), (False, True, False, False))",'East',"[(((26, 4), (False, True, False, False)), 'East', 1), (((24, 4), (False, True, False, False)), 'West', 1)]",35,35,812,67,39,106
779,"((23, 4), (False, True, False, False))","((24, 4), (False, True, False, False))",'West',"[(((24, 4), (False, True, False, False)), 'East', 1), (((22, 4), (False, True, False, False)), 'West', 1)]",35,35,813,67,39,106
780,"((21, 12), (False, True, False, False))","((20, 12), (False, True, False, False))",'East',"[(((22, 12), (False, True, False, False)), 'East', 1), (((20, 12), (False, True, False, False)), 'West', 1)]",35,35,814,67,39,106
781,"((15, 12), (False, True, False, False))","((16, 12), (False, True, False, False))",'West',"[(((16, 12), (False, True, False, False)), 'East', 1), (((14, 12), (False, True, False, False)), 'West', 1)]",35,35,815,67,39,106
782,"((2, 8), (True, True, False, False))","((1, 8), (True, True, False, False))",'East',"[(((3, 8), (True, True, False, False)), 'East', 1), (((1, 8), (True, True, False, False)), 'West', 1)]",35,35,816,54,52,106
783,"((5, 1), (True, True, False, False))","((5, 2), (True, True, False, False))",'South',"[(((5, 2), (True, True, False, False)), 'North', 1)]",35,34,816,60,46,106
784,"((22, 1), (True, True, False, False))","((22, 2), (True, True, False, False))",'South',"[(((22, 2), (True, True, False, False)), 'North', 1)]",34,33,816,85,21,106
785,"((21, 2), (True, True, False, False))","((22, 2), (True, True, False, False))",'West',"[(((22, 2), (True, True, False, False)), 'East', 1), (((20, 2), (True, True, False, False)), 'West', 1)]",33,33,817,85,21,106
786,"((28, 1), (True, True, True, False))","((28, 2), (True, True, False, False))",'South',"[(((28, 2), (True, True, True, False)), 'North', 1), (((27, 1), (True, True, True, False)), 'West', 1)]",33,34,819,91,15,106
787,"((18, 1), (False, False, True, False))","((18, 2), (False, False, True, False))",'South',"[(((18, 2), (False, False, True, False)), 'North', 1)]",34,33,819,73,33,106
788,"((16, 3), (False, False, True, False))","((16, 4), (False, False, True, False))",'South',"[(((16, 4), (False, False, True, False)), 'North', 1), (((16, 2), (False, False, True, False)), 'South', 1)]",33,33,820,73,33,106
789,"((28, 2), (True, True, True, False))","((28, 1), (True, True, True, False))",'North',"[(((28, 3), (True, True, True, False)), 'North', 1), (((28, 1), (True, True, True, False)), 'South', 1)]",33,33,821,92,14,106
790,"((28, 3), (True, True, True, False))","((28, 2), (True, True, True, False))",'North',"[(((28, 4), (True, True, True, False)), 'North', 1), (((28, 2), (True, True, True, False)), 'South', 1)]",33,33,822,93,13,106
791,"((28, 4), (True, True, True, False))","((28, 3), (True, True, True, False))",'North',"[(((28, 5), (True, True, True, False)), 'North', 1), (((28, 3), (True, True, True, False)), 'South', 1)]",33,33,823,94,12,106
792,"((28, 5), (True, True, True, False))","((28, 4), (True, True, True, False))",'North',"[(((28, 6), (True, True, True, False)), 'North', 1), (((28, 4), (True, True, True, False)), 'South', 1)]",33,33,824,95,11,106
793,"((28, 6), (True, True, True, False))","((28, 5), (True, True, True, False))",'North',"[(((28, 7), (True, True, True, False)), 'North', 1), (((28, 5), (True, True, True, False)), 'South', 1), (((27, 6), (True, True, True, False)), 'West', 1)]",33,34,826,96,10,106
794,"((28, 7), (True, True, True, False))","((28, 6), (True, True, True, False))",'North',"[(((28, 8), (True, True, True, False)), 'North', 1), (((28, 6), (True, True, True, False)), 'South', 1)]",34,34,827,97,9,106
795,"((28, 8), (True, True, True, False))","((28, 7), (True, True, True, False))",'North',"[(((28, 7), (True, True, True, False)), 'South', 1), (((27, 8), (True, True, True, False)), 'West', 1)]",34,34,828,98,8,106
796,"((27, 8), (True, True, True, False))","((28, 8), (True, True, True, False))",'West',"[(((28, 8), (True, True, True, False)), 'East', 1), (((26, 8), (True, True, True, False)), 'West', 1)]",34,34,829,99,7,106
797,"((26, 8), (True, True, True, False))","((27, 8), (True, True, True, False))",'West',"[(((26, 9), (True, True, True, False)), 'North', 1), (((27, 8), (True, True, True, False)), 'East', 1)]",34,34,830,100,6,106
798,"((26, 9), (True, True, True, False))","((26, 8), (True, True, True, False))",'North',"[(((26, 10), (True, True, True, False)), 'North', 1), (((26, 8), (True, True, True, False)), 'South', 1)]",34,34,831,101,5,106
799,"((26, 10), (True, True, True, False))","((26, 9), (True, True, True, False))",'North',"[(((26, 11), (True, True, True, False)), 'North', 1), (((26, 9), (True, True, True, False)), 'South', 1), (((27, 10), (True, True, True, False)), 'East', 1)]",34,35,833,102,4,106
800,"((27, 10), (True, True, True, False))","((26, 10), (True, True, True, False))",'East',"[(((28, 10), (True, True, True, False)), 'East', 1), (((26, 10), (True, True, True, False)), 'West', 1)]",35,35,834,103,3,106
801,"((28, 10), (True, True, True, False))","((27, 10), (True, True, True, False))",'East',"[(((28, 11), (True, True, True, False)), 'North', 1), (((27, 10), (True, True, True, False)), 'West', 1)]",35,35,835,104,2,106
802,"((28, 11), (True, True, True, False))","((28, 10), (True, True, True, False))",'North',"[(((28, 12), (True, True, True, True)), 'North', 1), (((28, 10), (True, True, True, False)), 'South', 1)]",35,35,836,105,1,106
